participant,mode,trial,index,target_x,target_y,user_x,user_y,offset_px
yiran,numerical,3,0,60.0,336.46,61.0,340.2,3.87
yiran,numerical,3,1,61.5,331.7,61.0,333.2,0.03
yiran,numerical,3,2,63.0,326.48,61.0,327.2,1.72
yiran,numerical,3,3,64.5,320.91,61.0,323.2,2.79
yiran,numerical,3,4,66.0,315.1,63.0,315.2,2.88
yiran,numerical,3,5,67.5,309.16,65.0,306.2,3.15
yiran,numerical,3,6,69.0,303.19,66.0,301.2,3.4
yiran,numerical,3,7,70.5,297.29,68.0,293.2,3.45
yiran,numerical,3,8,72.0,291.54,71.0,284.2,2.9
yiran,numerical,3,9,73.5,286.02,73.0,279.2,2.38
yiran,numerical,3,10,75.0,280.79,74.0,275.2,2.6
yiran,numerical,3,11,76.5,275.91,75.0,271.2,2.91
yiran,numerical,3,12,78.0,271.41,77.0,268.2,2.04
yiran,numerical,3,13,79.5,267.32,78.0,264.2,2.57
yiran,numerical,3,14,81.0,263.66,81.0,258.2,2.37
yiran,numerical,3,15,82.5,260.42,84.0,255.2,1.25
yiran,numerical,3,16,84.0,257.59,86.0,252.2,1.3
yiran,numerical,3,17,85.5,255.15,88.0,249.2,1.75
yiran,numerical,3,18,87.0,253.04,91.0,247.2,1.08
yiran,numerical,3,19,88.5,251.22,93.0,245.2,1.24
yiran,numerical,3,20,90.0,249.64,95.0,243.2,1.34
yiran,numerical,3,21,91.5,248.21,97.0,240.2,1.83
yiran,numerical,3,22,93.0,246.86,98.0,238.2,2.19
yiran,numerical,3,23,94.5,245.52,100.0,235.2,2.03
yiran,numerical,3,24,96.0,244.09,102.0,230.2,2.31
yiran,numerical,3,25,97.5,242.49,103.0,227.2,2.45
yiran,numerical,3,26,99.0,240.63,104.0,224.2,2.49
yiran,numerical,3,27,100.5,238.42,105.0,219.2,2.97
yiran,numerical,3,28,102.0,235.79,106.0,216.2,2.78
yiran,numerical,3,29,103.5,232.64,107.0,212.2,2.79
yiran,numerical,3,30,105.0,228.93,108.0,208.2,2.72
yiran,numerical,3,31,106.5,224.58,109.0,205.2,2.38
yiran,numerical,3,32,108.0,219.54,110.0,201.2,2.21
yiran,numerical,3,33,109.5,213.79,111.0,198.2,1.81
yiran,numerical,3,34,111.0,207.29,111.0,194.2,2.55
yiran,numerical,3,35,112.5,200.02,111.0,191.2,3.09
yiran,numerical,3,36,114.0,192.01,112.0,188.2,2.61
yiran,numerical,3,37,115.5,183.26,113.0,185.2,2.14
yiran,numerical,3,38,117.0,173.8,114.0,183.2,1.49
yiran,numerical,3,39,118.5,163.68,114.0,181.2,1.8
yiran,numerical,3,40,120.0,152.97,115.0,179.2,1.13
yiran,numerical,3,41,121.5,141.74,116.0,169.2,1.66
yiran,numerical,3,42,123.0,130.09,117.0,159.2,2.11
yiran,numerical,3,43,124.5,118.1,117.0,156.2,2.52
yiran,numerical,3,44,126.0,105.89,118.0,150.2,2.35
yiran,numerical,3,45,127.5,93.59,119.0,146.2,1.89
yiran,numerical,3,46,129.0,81.32,120.0,143.2,1.29
yiran,numerical,3,47,130.5,69.22,120.0,138.2,1.94
yiran,numerical,3,48,132.0,57.42,121.0,134.2,1.46
yiran,numerical,3,49,133.5,46.06,121.0,131.2,1.84
yiran,numerical,3,50,135.0,42.0,122.0,126.2,1.47
yiran,numerical,3,51,136.5,42.0,123.0,122.2,0.98
yiran,numerical,3,52,138.0,42.0,124.0,118.2,0.48
yiran,numerical,3,53,139.5,42.0,124.0,114.2,0.97
yiran,numerical,3,54,141.0,42.0,125.0,109.2,0.59
yiran,numerical,3,55,142.5,42.0,125.0,105.2,1.08
yiran,numerical,3,56,144.0,42.0,126.0,102.2,0.45
yiran,numerical,3,57,145.5,42.0,126.0,98.2,0.93
yiran,numerical,3,58,147.0,42.0,126.0,93.2,1.54
yiran,numerical,3,59,148.5,42.0,127.0,90.2,0.91
yiran,numerical,3,60,150.0,42.0,127.0,86.2,1.39
yiran,numerical,3,61,151.5,42.0,128.0,82.2,0.89
yiran,numerical,3,62,153.0,42.0,128.0,80.2,1.13
yiran,numerical,3,63,154.5,42.0,128.0,77.2,1.5
yiran,numerical,3,64,156.0,42.0,129.0,73.2,1.0
yiran,numerical,3,65,157.5,42.0,129.0,71.2,1.25
yiran,numerical,3,66,159.0,42.0,130.0,68.2,0.62
yiran,numerical,3,67,160.5,42.0,130.0,65.2,1.0
yiran,numerical,3,68,162.0,47.02,130.0,62.2,1.38
yiran,numerical,3,69,163.5,60.3,130.0,58.2,1.89
yiran,numerical,3,70,165.0,74.47,131.0,53.2,1.54
yiran,numerical,3,71,166.5,89.39,131.0,50.2,1.94
yiran,numerical,3,72,168.0,104.91,131.0,47.2,2.33
yiran,numerical,3,73,169.5,120.89,132.0,45.2,1.71
yiran,numerical,3,74,171.0,137.17,133.0,43.2,1.46
yiran,numerical,3,75,172.5,153.58,133.0,42.2,1.81
yiran,numerical,3,76,174.0,169.97,135.0,42.2,0.07
yiran,numerical,3,77,175.5,186.19,142.0,42.2,0.2
yiran,numerical,3,78,177.0,202.09,145.0,42.2,0.2
yiran,numerical,3,79,178.5,217.52,147.0,42.2,0.2
yiran,numerical,3,80,180.0,232.35,150.0,42.2,0.2
yiran,numerical,3,81,181.5,246.45,153.0,42.2,0.2
yiran,numerical,3,82,183.0,259.72,154.0,42.2,0.2
yiran,numerical,3,83,184.5,272.05,156.0,42.2,0.2
yiran,numerical,3,84,186.0,283.37,157.0,42.2,0.2
yiran,numerical,3,85,187.5,293.6,158.0,42.2,0.2
yiran,numerical,3,86,189.0,302.7,159.0,42.2,0.2
yiran,numerical,3,87,190.5,310.62,160.0,43.2,0.82
yiran,numerical,3,88,192.0,317.35,161.0,50.2,1.35
yiran,numerical,3,89,193.5,322.89,162.0,61.2,1.59
yiran,numerical,3,90,195.0,327.24,163.0,67.2,1.22
yiran,numerical,3,91,196.5,330.45,164.0,75.2,1.07
yiran,numerical,3,92,198.0,332.55,165.0,84.2,0.97
yiran,numerical,3,93,199.5,333.6,167.0,91.2,0.32
yiran,numerical,3,94,201.0,333.68,168.0,97.2,0.74
yiran,numerical,3,95,202.5,332.85,168.0,101.2,0.36
yiran,numerical,3,96,204.0,331.22,168.0,104.2,0.07
yiran,numerical,3,97,205.5,328.88,168.0,107.2,0.21
yiran,numerical,3,98,207.0,325.93,169.0,113.2,0.22
yiran,numerical,3,99,208.5,322.47,169.0,120.2,0.43
yiran,numerical,3,100,210.0,318.62,170.0,126.2,0.01
yiran,numerical,3,101,211.5,314.48,170.0,132.2,0.54
yiran,numerical,3,102,213.0,310.15,170.0,137.2,1.0
yiran,numerical,3,103,214.5,305.73,170.0,141.2,1.36
yiran,numerical,3,104,216.0,301.33,171.0,146.2,0.82
yiran,numerical,3,105,217.5,297.02,172.0,152.2,0.37
yiran,numerical,3,106,219.0,292.88,172.0,157.2,0.83
yiran,numerical,3,107,220.5,288.98,173.0,164.2,0.47
yiran,numerical,3,108,222.0,285.37,174.0,168.2,0.16
yiran,numerical,3,109,223.5,282.1,174.0,173.2,0.3
yiran,numerical,3,110,225.0,279.19,175.0,179.2,0.15
yiran,numerical,3,111,226.5,276.66,176.0,184.2,0.68
yiran,numerical,3,112,228.0,274.52,176.0,189.2,0.22
yiran,numerical,3,113,229.5,272.75,176.0,194.2,0.25
yiran,numerical,3,114,231.0,271.33,177.0,200.2,0.18
yiran,numerical,3,115,232.5,270.23,177.0,205.2,0.3
yiran,numerical,3,116,234.0,269.38,178.0,211.2,0.11
yiran,numerical,3,117,235.5,268.75,178.0,216.2,0.37
yiran,numerical,3,118,237.0,268.25,179.0,222.2,0.03
yiran,numerical,3,119,238.5,267.81,181.0,230.2,1.21
yiran,numerical,3,120,240.0,267.35,181.0,235.2,0.69
yiran,numerical,3,121,241.5,266.78,183.0,256.2,0.4
yiran,numerical,3,122,243.0,266.01,185.0,268.2,0.96
yiran,numerical,3,123,244.5,264.96,185.0,274.2,0.21
yiran,numerical,3,124,246.0,263.52,186.0,283.2,0.02
yiran,numerical,3,125,247.5,261.62,187.0,289.2,0.14
yiran,numerical,3,126,249.0,259.18,189.0,295.2,1.22
yiran,numerical,3,127,250.5,256.1,191.0,301.2,2.22
yiran,numerical,3,128,252.0,252.34,193.0,308.2,2.91
yiran,numerical,3,129,253.5,247.83,193.0,316.2,1.23
yiran,numerical,3,130,255.0,242.52,194.0,323.2,0.37
yiran,numerical,3,131,256.5,236.39,195.0,328.2,0.41
yiran,numerical,3,132,258.0,229.4,196.0,333.2,2.01
yiran,numerical,3,133,259.5,221.57,196.0,335.2,3.32
yiran,numerical,3,134,261.0,212.88,197.0,336.2,3.56
yiran,numerical,3,135,262.5,203.38,198.0,336.2,3.0
yiran,numerical,3,136,264.0,193.09,200.0,336.2,2.57
yiran,numerical,3,137,265.5,182.08,202.0,335.2,1.82
yiran,numerical,3,138,267.0,170.41,204.0,332.2,0.66
yiran,numerical,3,139,268.5,158.17,206.0,330.2,1.13
yiran,numerical,3,140,270.0,145.45,208.0,326.2,1.03
yiran,numerical,3,141,271.5,132.35,209.0,317.2,1.42
yiran,numerical,3,142,273.0,119.01,211.0,309.2,2.2
yiran,numerical,3,143,274.5,105.55,212.0,305.2,2.54
yiran,numerical,3,144,276.0,92.09,214.0,297.2,3.25
yiran,numerical,3,145,277.5,78.79,216.0,289.2,4.12
yiran,numerical,3,146,279.0,65.78,218.0,282.2,4.96
yiran,numerical,3,147,280.5,53.21,220.0,278.2,4.9
yiran,numerical,3,148,282.0,42.0,223.0,273.2,4.85
yiran,numerical,3,149,283.5,42.0,225.0,271.2,4.44
yiran,numerical,3,150,285.0,42.0,227.0,269.2,4.3
yiran,numerical,3,151,286.5,42.0,231.0,267.2,3.37
yiran,numerical,3,152,288.0,42.0,235.0,266.2,2.58
yiran,numerical,3,153,289.5,42.0,238.0,266.2,1.69
yiran,numerical,3,154,291.0,42.0,242.0,265.2,1.18
yiran,numerical,3,155,292.5,42.0,246.0,263.2,0.2
yiran,numerical,3,156,294.0,42.0,248.0,260.2,0.32
yiran,numerical,3,157,295.5,42.0,249.0,258.2,0.43
yiran,numerical,3,158,297.0,42.0,250.0,252.2,1.91
yiran,numerical,3,159,298.5,42.0,253.0,247.2,0.65
yiran,numerical,3,160,300.0,42.0,253.0,243.2,1.74
yiran,numerical,3,161,301.5,42.0,254.0,236.2,2.47
yiran,numerical,3,162,303.0,42.0,255.0,230.2,2.77
yiran,numerical,3,163,304.5,42.0,257.0,224.2,1.96
yiran,numerical,3,164,306.0,42.0,258.0,219.2,1.88
yiran,numerical,3,165,307.5,42.0,259.0,215.2,1.58
yiran,numerical,3,166,309.0,42.0,260.0,206.2,2.03
yiran,numerical,3,167,310.5,46.82,261.0,199.2,2.09
yiran,numerical,3,168,312.0,60.21,263.0,191.2,1.25
yiran,numerical,3,169,313.5,74.37,264.0,185.2,1.07
yiran,numerical,3,170,315.0,89.18,265.0,180.2,0.74
yiran,numerical,3,171,316.5,104.47,265.0,171.2,1.88
yiran,numerical,3,172,318.0,120.09,266.0,164.2,1.75
yiran,numerical,3,173,319.5,135.88,267.0,160.2,1.24
yiran,numerical,3,174,321.0,151.69,268.0,154.2,0.96
yiran,numerical,3,175,322.5,167.38,269.0,146.2,0.9
yiran,numerical,3,176,324.0,182.79,270.0,138.2,0.82
yiran,numerical,3,177,325.5,197.78,270.0,131.2,1.62
yiran,numerical,3,178,327.0,212.23,271.0,124.2,1.41
yiran,numerical,3,179,328.5,226.01,272.0,116.2,1.31
yiran,numerical,3,180,330.0,239.02,273.0,111.2,0.86
yiran,numerical,3,181,331.5,251.17,273.0,106.2,1.42
yiran,numerical,3,182,333.0,262.37,273.0,97.2,2.42
yiran,numerical,3,183,334.5,272.57,273.0,91.2,3.08
yiran,numerical,3,184,336.0,281.7,273.0,89.2,3.31
yiran,numerical,3,185,337.5,289.76,274.0,84.2,2.87
yiran,numerical,3,186,339.0,296.7,276.0,78.2,1.56
yiran,numerical,3,187,340.5,302.55,277.0,72.2,1.25
yiran,numerical,3,188,342.0,307.31,278.0,65.2,1.06
yiran,numerical,3,189,343.5,311.02,278.0,58.2,1.89
yiran,numerical,3,190,345.0,313.71,279.0,54.2,1.37
yiran,numerical,3,191,346.5,315.46,281.0,49.2,0.04
yiran,numerical,3,192,348.0,316.32,282.0,45.2,0.42
yiran,numerical,3,193,349.5,316.38,283.0,42.2,0.2
yiran,numerical,3,194,351.0,315.72,284.0,42.2,0.2
yiran,numerical,3,195,352.5,314.45,284.0,41.2,0.8
yiran,numerical,3,196,354.0,312.65,288.0,41.2,0.8
yiran,numerical,3,197,355.5,310.43,293.0,41.2,0.8
yiran,numerical,3,198,357.0,307.89,298.0,41.2,0.8
yiran,numerical,3,199,358.5,305.13,301.0,41.2,0.8
yiran,numerical,3,200,360.0,302.25,304.0,41.2,0.8
yiran,numerical,3,201,361.5,299.34,306.0,41.2,0.8
yiran,numerical,3,202,363.0,296.49,308.0,41.2,0.8
yiran,numerical,3,203,364.5,293.77,310.0,46.2,0.29
yiran,numerical,3,204,366.0,291.25,311.0,57.2,0.66
yiran,numerical,3,205,367.5,288.99,312.0,68.2,0.84
yiran,numerical,3,206,369.0,287.03,314.0,81.2,0.19
yiran,numerical,3,207,370.5,285.41,316.0,93.2,0.6
yiran,numerical,3,208,372.0,284.14,317.0,105.2,0.43
yiran,numerical,3,209,373.5,283.24,319.0,118.2,1.18
yiran,numerical,3,210,375.0,282.69,321.0,128.2,2.22
yiran,numerical,3,211,376.5,282.47,321.0,139.2,1.18
yiran,numerical,3,212,378.0,282.55,322.0,152.2,0.95
yiran,numerical,3,213,379.5,282.88,323.0,165.2,0.71
yiran,numerical,3,214,381.0,283.41,324.0,174.2,0.83
yiran,numerical,3,215,382.5,284.07,325.0,185.2,0.75
yiran,numerical,3,216,384.0,284.78,325.0,200.2,0.75
yiran,numerical,3,217,385.5,285.46,325.0,211.2,1.88
yiran,numerical,3,218,387.0,286.02,325.0,218.2,2.63
yiran,numerical,3,219,388.5,286.37,326.0,228.2,2.73
yiran,numerical,3,220,390.0,286.41,328.0,236.2,1.66
yiran,numerical,3,221,391.5,286.06,330.0,246.2,0.88
yiran,numerical,3,222,393.0,285.21,331.0,261.2,1.83
yiran,numerical,3,223,394.5,283.79,334.0,272.2,0.44
yiran,numerical,3,224,396.0,281.7,336.0,278.2,0.57
yiran,numerical,3,225,397.5,278.87,339.0,287.2,1.94
yiran,numerical,3,226,399.0,275.24,343.0,297.2,3.75
yiran,numerical,3,227,400.5,270.75,346.0,304.2,4.75
yiran,numerical,3,228,402.0,265.35,347.0,308.2,4.3
yiran,numerical,3,229,403.5,259.03,348.0,312.2,3.26
yiran,numerical,3,230,405.0,251.75,348.0,314.2,1.84
yiran,numerical,3,231,406.5,243.52,350.0,314.2,1.8
yiran,numerical,3,232,408.0,234.36,354.0,312.2,0.25
yiran,numerical,3,233,409.5,224.29,358.0,307.2,0.55
yiran,numerical,3,234,411.0,213.36,361.0,301.2,0.41
yiran,numerical,3,235,412.5,201.63,365.0,293.2,0.14
yiran,numerical,3,236,414.0,189.18,368.0,288.2,0.08
yiran,numerical,3,237,415.5,176.09,371.0,285.2,0.16
yiran,numerical,3,238,417.0,162.47,375.0,283.2,0.48
yiran,numerical,3,239,418.5,148.44,379.0,283.2,0.42
yiran,numerical,3,240,420.0,134.12,384.0,284.2,0.52
yiran,numerical,3,241,421.5,119.64,385.0,284.2,0.94
yiran,numerical,3,242,423.0,105.14,387.0,284.2,1.7
yiran,numerical,3,243,424.5,90.78,389.0,284.2,2.18
yiran,numerical,3,244,426.0,76.69,391.0,284.2,1.86
yiran,numerical,3,245,427.5,63.02,394.0,281.2,1.91
yiran,numerical,3,246,429.0,49.93,397.0,276.2,1.48
yiran,numerical,3,247,430.5,42.0,399.0,270.2,1.59
yiran,numerical,3,248,432.0,42.0,401.0,264.2,1.24
yiran,numerical,3,249,433.5,42.0,401.0,254.2,3.42
yiran,numerical,3,250,435.0,42.0,402.0,248.2,3.59
yiran,numerical,3,251,436.5,42.0,402.0,245.2,4.13
yiran,numerical,3,252,438.0,42.0,408.0,229.2,0.76
yiran,numerical,3,253,439.5,42.0,412.0,218.2,1.65
yiran,numerical,3,254,441.0,42.0,415.0,211.2,3.69
yiran,numerical,3,255,442.5,42.0,417.0,205.2,4.92
yiran,numerical,3,256,444.0,42.0,417.0,200.2,4.3
yiran,numerical,3,257,445.5,42.0,417.0,194.2,3.58
yiran,numerical,3,258,447.0,42.0,418.0,190.2,4.09
yiran,numerical,3,259,448.5,42.0,418.0,185.2,3.52
yiran,numerical,3,260,450.0,42.0,419.0,178.2,3.72
yiran,numerical,3,261,451.5,42.0,420.0,170.2,3.83
yiran,numerical,3,262,453.0,42.0,421.0,162.2,3.95
yiran,numerical,3,263,454.5,42.0,422.0,154.2,4.09
yiran,numerical,3,264,456.0,42.0,422.0,149.2,3.56
yiran,numerical,3,265,457.5,42.0,422.0,141.2,2.73
yiran,numerical,3,266,459.0,48.13,422.0,131.2,1.69
yiran,numerical,3,267,460.5,61.4,422.0,125.2,1.07
yiran,numerical,3,268,462.0,75.32,422.0,119.2,0.45
yiran,numerical,3,269,463.5,89.75,422.0,110.2,0.47
yiran,numerical,3,270,465.0,104.54,423.0,102.2,0.31
yiran,numerical,3,271,466.5,119.53,423.0,98.2,0.72
yiran,numerical,3,272,468.0,134.58,424.0,92.2,0.35
yiran,numerical,3,273,469.5,149.54,425.0,84.2,0.2
yiran,numerical,3,274,471.0,164.26,426.0,81.2,0.48
yiran,numerical,3,275,472.5,178.63,427.0,69.2,0.18
yiran,numerical,3,276,474.0,192.5,429.0,54.2,0.49
yiran,numerical,3,277,475.5,205.76,431.0,43.2,0.71
yiran,numerical,3,278,477.0,218.32,431.0,41.2,0.8
yiran,numerical,3,279,478.5,230.08,432.0,40.2,1.8
yiran,numerical,3,280,480.0,240.98,433.0,40.2,1.8
yiran,numerical,3,281,481.5,250.94,437.0,40.2,1.8
yiran,numerical,3,282,483.0,259.94,445.0,40.2,1.8
yiran,numerical,3,283,484.5,267.94,452.0,40.2,1.8
yiran,numerical,3,284,486.0,274.93,456.0,40.2,1.8
yiran,numerical,3,285,487.5,280.91,459.0,40.2,2.34
yiran,numerical,3,286,489.0,285.9,460.0,41.2,2.62
yiran,numerical,3,287,490.5,289.95,461.0,44.2,2.88
yiran,numerical,3,288,492.0,293.09,462.0,63.2,1.3
yiran,numerical,3,289,493.5,295.38,463.0,75.2,1.01
yiran,numerical,3,290,495.0,296.89,465.0,88.2,1.65
yiran,numerical,3,291,496.5,297.71,467.0,97.2,2.73
yiran,numerical,3,292,498.0,297.91,468.0,108.2,2.62
yiran,numerical,3,293,499.5,297.59,471.0,121.2,4.31
yiran,numerical,3,294,501.0,296.85,473.0,136.2,4.81
yiran,numerical,3,295,502.5,295.77,476.0,149.2,6.5
yiran,numerical,3,296,504.0,294.47,478.0,164.2,6.97
yiran,numerical,3,297,505.5,293.02,480.0,180.2,7.29
yiran,numerical,3,298,507.0,291.53,480.0,191.2,6.1
yiran,numerical,3,299,508.5,290.07,480.0,211.2,3.82
yiran,numerical,3,300,510.0,288.73,480.0,231.2,1.33
yiran,numerical,3,301,511.5,287.57,480.0,237.2,0.52
yiran,numerical,3,302,513.0,286.66,480.0,242.2,0.18
yiran,numerical,3,303,514.5,286.03,481.0,246.2,0.21
yiran,numerical,3,304,516.0,285.73,482.0,252.2,0.29
yiran,numerical,3,305,517.5,285.77,484.0,259.2,1.11
yiran,numerical,3,306,519.0,286.17,485.0,265.2,1.0
yiran,numerical,3,307,520.5,286.92,486.0,273.2,0.36
yiran,numerical,3,308,522.0,288.01,487.0,279.2,0.07
yiran,numerical,3,309,523.5,289.39,489.0,286.2,0.1
yiran,numerical,3,310,525.0,291.03,490.0,291.2,0.99
yiran,numerical,3,311,526.5,292.88,492.0,294.2,0.61
yiran,numerical,3,312,528.0,294.86,494.0,297.2,0.93
yiran,numerical,3,313,529.5,296.91,496.0,298.2,0.67
yiran,numerical,3,314,531.0,298.93,500.0,298.2,0.77
yiran,numerical,3,315,532.5,300.84,503.0,296.2,0.65
yiran,numerical,3,316,534.0,302.54,507.0,292.2,0.48
yiran,numerical,3,317,535.5,303.93,510.0,289.2,0.35
yiran,numerical,3,318,537.0,304.92,513.0,287.2,0.46
yiran,numerical,3,319,538.5,305.41,517.0,285.2,0.56
yiran,numerical,3,320,540.0,305.3,520.0,284.2,2.21
yiran,numerical,3,321,541.5,304.51,524.0,286.2,2.68
yiran,numerical,3,322,543.0,302.94,526.0,289.2,1.98
yiran,numerical,3,323,544.5,300.53,528.0,293.2,1.0
yiran,numerical,3,324,546.0,297.2,530.0,297.2,0.23
yiran,numerical,3,325,547.5,292.91,531.0,300.2,0.79
yiran,numerical,3,326,549.0,287.61,534.0,302.2,0.22
yiran,numerical,3,327,550.5,281.27,536.0,303.2,0.88
yiran,numerical,3,328,552.0,273.89,538.0,303.2,1.95
yiran,numerical,3,329,553.5,265.46,541.0,302.2,1.96
yiran,numerical,3,330,555.0,256.01,545.0,296.2,1.27
yiran,numerical,3,331,556.5,245.56,549.0,289.2,0.43
yiran,numerical,3,332,558.0,234.18,551.0,283.2,0.93
yiran,numerical,3,333,559.5,221.92,553.0,276.2,1.44
yiran,numerical,3,334,561.0,208.88,553.0,268.2,0.01
yiran,numerical,3,335,562.5,195.14,554.0,263.2,0.14
yiran,numerical,3,336,564.0,180.81,554.0,252.2,1.53
yiran,numerical,3,337,565.5,166.01,555.0,250.2,0.83
yiran,numerical,3,338,567.0,150.88,555.0,240.2,2.19
yiran,numerical,3,339,568.5,135.55,557.0,230.2,1.48
yiran,numerical,3,340,570.0,120.17,558.0,219.2,1.8
yiran,numerical,3,341,571.5,104.89,559.0,211.2,1.72
yiran,numerical,3,342,573.0,89.87,560.0,204.2,1.5
yiran,numerical,3,343,574.5,75.24,562.0,195.2,0.49
yiran,numerical,3,344,576.0,61.17,563.0,190.2,0.02
yiran,numerical,3,345,577.5,47.81,564.0,182.2,0.15
yiran,numerical,3,346,579.0,42.0,564.0,175.2,0.57
yiran,numerical,3,347,580.5,42.0,564.0,166.2,1.47
yiran,numerical,3,348,582.0,42.0,564.0,159.2,2.16
yiran,numerical,3,349,583.5,42.0,566.0,150.2,1.06
yiran,numerical,3,350,585.0,42.0,566.0,141.2,1.94
yiran,numerical,3,351,586.5,42.0,567.0,129.2,2.11
yiran,numerical,3,352,588.0,42.0,568.0,120.2,1.99
yiran,numerical,3,353,589.5,42.0,569.0,110.2,1.97
yiran,numerical,3,354,591.0,42.0,570.0,102.2,1.76
yiran,numerical,3,355,592.5,42.0,571.0,95.2,1.46
yiran,numerical,3,356,594.0,42.0,572.0,87.2,1.27
yiran,numerical,3,357,595.5,42.0,573.0,76.2,1.39
yiran,numerical,3,358,597.0,42.0,575.0,63.2,0.78
yiran,numerical,3,359,598.5,42.0,576.0,53.2,0.89
yiran,numerical,3,360,600.0,42.0,577.0,52.2,0.01
yiran,numerical,3,361,601.5,42.0,577.0,50.2,0.23
yiran,numerical,3,362,603.0,42.0,579.0,45.2,0.8
yiran,numerical,3,363,604.5,42.0,580.0,42.2,0.2
yiran,numerical,3,364,606.0,42.0,581.0,41.2,0.8
yiran,numerical,3,365,607.5,50.76,586.0,41.2,0.8
yiran,numerical,3,366,609.0,63.65,594.0,41.2,0.8
yiran,numerical,3,367,610.5,77.07,600.0,41.2,0.8
yiran,numerical,3,368,612.0,90.87,603.0,41.2,0.8
yiran,numerical,3,369,613.5,104.9,607.0,41.2,1.28
yiran,numerical,3,370,615.0,119.01,611.0,42.2,4.89
yiran,numerical,3,371,616.5,133.06,612.0,44.2,5.54
yiran,numerical,3,372,618.0,146.93,613.0,52.2,5.3
yiran,numerical,3,373,619.5,160.47,615.0,68.2,5.46
yiran,numerical,3,374,621.0,173.57,616.0,80.2,5.13
yiran,numerical,3,375,622.5,186.13,617.0,93.2,4.72
yiran,numerical,3,376,624.0,198.04,618.0,105.2,4.44
yiran,numerical,3,377,625.5,209.23,619.0,113.2,4.59
yiran,numerical,3,378,627.0,219.62,620.0,124.2,4.42
yiran,numerical,3,379,628.5,229.17,621.0,129.2,4.88
yiran,numerical,3,380,630.0,237.83,621.0,133.2,4.46
yiran,numerical,3,381,631.5,245.59,622.0,139.2,4.81
yiran,numerical,3,382,633.0,252.43,624.0,151.2,5.49
yiran,numerical,3,383,634.5,258.37,624.0,163.2,4.16
yiran,numerical,3,384,636.0,263.42,621.0,181.2,0.9
yiran,numerical,3,385,637.5,267.64,620.0,191.2,3.11
yiran,numerical,3,386,639.0,271.05,620.0,197.2,3.86
yiran,numerical,3,387,640.5,273.73,621.0,206.2,4.06
yiran,numerical,3,388,642.0,275.75,623.0,213.2,3.04
yiran,numerical,3,389,643.5,277.17,625.0,218.2,1.78
yiran,numerical,3,390,645.0,278.1,628.0,225.2,0.12
yiran,numerical,3,391,646.5,278.61,631.0,230.2,2.29
yiran,numerical,3,392,648.0,278.79,633.0,234.2,3.58
yiran,numerical,3,393,649.5,278.75,636.0,239.2,5.63
yiran,numerical,3,394,651.0,278.58,636.0,241.2,5.25
yiran,numerical,3,395,652.5,278.35,636.0,244.2,4.68
yiran,numerical,3,396,654.0,278.16,637.0,248.2,4.81
yiran,numerical,3,397,655.5,278.08,638.0,252.2,4.9
yiran,numerical,3,398,657.0,278.19,639.0,256.2,4.89
yiran,numerical,3,399,658.5,278.54,639.0,259.2,4.08
yiran,numerical,3,400,660.0,279.18,643.0,272.2,2.92
