trial,2
timestamp,2026-03-11T14:33:13.310Z
mode,spatial-color

target_curve
index,target_x,target_y
0,60.00,336.46
1,61.50,331.70
2,63.00,326.48
3,64.50,320.91
4,66.00,315.10
5,67.50,309.16
6,69.00,303.19
7,70.50,297.29
8,72.00,291.54
9,73.50,286.02
10,75.00,280.79
11,76.50,275.91
12,78.00,271.41
13,79.50,267.32
14,81.00,263.66
15,82.50,260.42
16,84.00,257.59
17,85.50,255.15
18,87.00,253.04
19,88.50,251.22
20,90.00,249.64
21,91.50,248.21
22,93.00,246.86
23,94.50,245.52
24,96.00,244.09
25,97.50,242.49
26,99.00,240.63
27,100.50,238.42
28,102.00,235.79
29,103.50,232.64
30,105.00,228.93
31,106.50,224.58
32,108.00,219.54
33,109.50,213.79
34,111.00,207.29
35,112.50,200.02
36,114.00,192.01
37,115.50,183.26
38,117.00,173.80
39,118.50,163.68
40,120.00,152.97
41,121.50,141.74
42,123.00,130.09
43,124.50,118.10
44,126.00,105.89
45,127.50,93.59
46,129.00,81.32
47,130.50,69.22
48,132.00,57.42
49,133.50,46.06
50,135.00,42.00
51,136.50,42.00
52,138.00,42.00
53,139.50,42.00
54,141.00,42.00
55,142.50,42.00
56,144.00,42.00
57,145.50,42.00
58,147.00,42.00
59,148.50,42.00
60,150.00,42.00
61,151.50,42.00
62,153.00,42.00
63,154.50,42.00
64,156.00,42.00
65,157.50,42.00
66,159.00,42.00
67,160.50,42.00
68,162.00,47.02
69,163.50,60.30
70,165.00,74.47
71,166.50,89.39
72,168.00,104.91
73,169.50,120.89
74,171.00,137.17
75,172.50,153.58
76,174.00,169.97
77,175.50,186.19
78,177.00,202.09
79,178.50,217.52
80,180.00,232.35
81,181.50,246.45
82,183.00,259.72
83,184.50,272.05
84,186.00,283.37
85,187.50,293.60
86,189.00,302.70
87,190.50,310.62
88,192.00,317.35
89,193.50,322.89
90,195.00,327.24
91,196.50,330.45
92,198.00,332.55
93,199.50,333.60
94,201.00,333.68
95,202.50,332.85
96,204.00,331.22
97,205.50,328.88
98,207.00,325.93
99,208.50,322.47
100,210.00,318.62
101,211.50,314.48
102,213.00,310.15
103,214.50,305.73
104,216.00,301.33
105,217.50,297.02
106,219.00,292.88
107,220.50,288.98
108,222.00,285.37
109,223.50,282.10
110,225.00,279.19
111,226.50,276.66
112,228.00,274.52
113,229.50,272.75
114,231.00,271.33
115,232.50,270.23
116,234.00,269.38
117,235.50,268.75
118,237.00,268.25
119,238.50,267.81
120,240.00,267.35
121,241.50,266.78
122,243.00,266.01
123,244.50,264.96
124,246.00,263.52
125,247.50,261.62
126,249.00,259.18
127,250.50,256.10
128,252.00,252.34
129,253.50,247.83
130,255.00,242.52
131,256.50,236.39
132,258.00,229.40
133,259.50,221.57
134,261.00,212.88
135,262.50,203.38
136,264.00,193.09
137,265.50,182.08
138,267.00,170.41
139,268.50,158.17
140,270.00,145.45
141,271.50,132.35
142,273.00,119.01
143,274.50,105.55
144,276.00,92.09
145,277.50,78.79
146,279.00,65.78
147,280.50,53.21
148,282.00,42.00
149,283.50,42.00
150,285.00,42.00
151,286.50,42.00
152,288.00,42.00
153,289.50,42.00
154,291.00,42.00
155,292.50,42.00
156,294.00,42.00
157,295.50,42.00
158,297.00,42.00
159,298.50,42.00
160,300.00,42.00
161,301.50,42.00
162,303.00,42.00
163,304.50,42.00
164,306.00,42.00
165,307.50,42.00
166,309.00,42.00
167,310.50,46.82
168,312.00,60.21
169,313.50,74.37
170,315.00,89.18
171,316.50,104.47
172,318.00,120.09
173,319.50,135.88
174,321.00,151.69
175,322.50,167.38
176,324.00,182.79
177,325.50,197.78
178,327.00,212.23
179,328.50,226.01
180,330.00,239.02
181,331.50,251.17
182,333.00,262.37
183,334.50,272.57
184,336.00,281.70
185,337.50,289.76
186,339.00,296.70
187,340.50,302.55
188,342.00,307.31
189,343.50,311.02
190,345.00,313.71
191,346.50,315.46
192,348.00,316.32
193,349.50,316.38
194,351.00,315.72
195,352.50,314.45
196,354.00,312.65
197,355.50,310.43
198,357.00,307.89
199,358.50,305.13
200,360.00,302.25
201,361.50,299.34
202,363.00,296.49
203,364.50,293.77
204,366.00,291.25
205,367.50,288.99
206,369.00,287.03
207,370.50,285.41
208,372.00,284.14
209,373.50,283.24
210,375.00,282.69
211,376.50,282.47
212,378.00,282.55
213,379.50,282.88
214,381.00,283.41
215,382.50,284.07
216,384.00,284.78
217,385.50,285.46
218,387.00,286.02
219,388.50,286.37
220,390.00,286.41
221,391.50,286.06
222,393.00,285.21
223,394.50,283.79
224,396.00,281.70
225,397.50,278.87
226,399.00,275.24
227,400.50,270.75
228,402.00,265.35
229,403.50,259.03
230,405.00,251.75
231,406.50,243.52
232,408.00,234.36
233,409.50,224.29
234,411.00,213.36
235,412.50,201.63
236,414.00,189.18
237,415.50,176.09
238,417.00,162.47
239,418.50,148.44
240,420.00,134.12
241,421.50,119.64
242,423.00,105.14
243,424.50,90.78
244,426.00,76.69
245,427.50,63.02
246,429.00,49.93
247,430.50,42.00
248,432.00,42.00
249,433.50,42.00
250,435.00,42.00
251,436.50,42.00
252,438.00,42.00
253,439.50,42.00
254,441.00,42.00
255,442.50,42.00
256,444.00,42.00
257,445.50,42.00
258,447.00,42.00
259,448.50,42.00
260,450.00,42.00
261,451.50,42.00
262,453.00,42.00
263,454.50,42.00
264,456.00,42.00
265,457.50,42.00
266,459.00,48.13
267,460.50,61.40
268,462.00,75.32
269,463.50,89.75
270,465.00,104.54
271,466.50,119.53
272,468.00,134.58
273,469.50,149.54
274,471.00,164.26
275,472.50,178.63
276,474.00,192.50
277,475.50,205.76
278,477.00,218.32
279,478.50,230.08
280,480.00,240.98
281,481.50,250.94
282,483.00,259.94
283,484.50,267.94
284,486.00,274.93
285,487.50,280.91
286,489.00,285.90
287,490.50,289.95
288,492.00,293.09
289,493.50,295.38
290,495.00,296.89
291,496.50,297.71
292,498.00,297.91
293,499.50,297.59
294,501.00,296.85
295,502.50,295.77
296,504.00,294.47
297,505.50,293.02
298,507.00,291.53
299,508.50,290.07
300,510.00,288.73
301,511.50,287.57
302,513.00,286.66
303,514.50,286.03
304,516.00,285.73
305,517.50,285.77
306,519.00,286.17
307,520.50,286.92
308,522.00,288.01
309,523.50,289.39
310,525.00,291.03
311,526.50,292.88
312,528.00,294.86
313,529.50,296.91
314,531.00,298.93
315,532.50,300.84
316,534.00,302.54
317,535.50,303.93
318,537.00,304.92
319,538.50,305.41
320,540.00,305.30
321,541.50,304.51
322,543.00,302.94
323,544.50,300.53
324,546.00,297.20
325,547.50,292.91
326,549.00,287.61
327,550.50,281.27
328,552.00,273.89
329,553.50,265.46
330,555.00,256.01
331,556.50,245.56
332,558.00,234.18
333,559.50,221.92
334,561.00,208.88
335,562.50,195.14
336,564.00,180.81
337,565.50,166.01
338,567.00,150.88
339,568.50,135.55
340,570.00,120.17
341,571.50,104.89
342,573.00,89.87
343,574.50,75.24
344,576.00,61.17
345,577.50,47.81
346,579.00,42.00
347,580.50,42.00
348,582.00,42.00
349,583.50,42.00
350,585.00,42.00
351,586.50,42.00
352,588.00,42.00
353,589.50,42.00
354,591.00,42.00
355,592.50,42.00
356,594.00,42.00
357,595.50,42.00
358,597.00,42.00
359,598.50,42.00
360,600.00,42.00
361,601.50,42.00
362,603.00,42.00
363,604.50,42.00
364,606.00,42.00
365,607.50,50.76
366,609.00,63.65
367,610.50,77.07
368,612.00,90.87
369,613.50,104.90
370,615.00,119.01
371,616.50,133.06
372,618.00,146.93
373,619.50,160.47
374,621.00,173.57
375,622.50,186.13
376,624.00,198.04
377,625.50,209.23
378,627.00,219.62
379,628.50,229.17
380,630.00,237.83
381,631.50,245.59
382,633.00,252.43
383,634.50,258.37
384,636.00,263.42
385,637.50,267.64
386,639.00,271.05
387,640.50,273.73
388,642.00,275.75
389,643.50,277.17
390,645.00,278.10
391,646.50,278.61
392,648.00,278.79
393,649.50,278.75
394,651.00,278.58
395,652.50,278.35
396,654.00,278.16
397,655.50,278.08
398,657.00,278.19
399,658.50,278.54
400,660.00,279.18

user_path
index,user_x,user_y
0,60.00,336.00
1,60.00,336.00
2,60.00,334.00
3,60.00,333.00
4,60.00,332.00
5,60.00,332.00
6,60.00,331.00
7,60.00,330.00
8,60.00,329.00
9,60.00,328.00
10,60.00,327.00
11,60.00,326.00
12,60.00,325.00
13,60.00,324.00
14,60.00,323.00
15,61.00,322.00
16,61.00,322.00
17,61.00,321.00
18,61.00,320.00
19,61.00,320.00
20,61.00,319.00
21,62.00,319.00
22,62.00,318.00
23,62.00,318.00
24,63.00,318.00
25,64.00,318.00
26,64.00,317.00
27,64.00,316.00
28,65.00,316.00
29,66.00,316.00
30,66.00,316.00
31,67.00,316.00
32,67.00,315.00
33,67.00,314.00
34,67.00,314.00
35,67.00,313.00
36,67.00,312.00
37,68.00,312.00
38,68.00,311.00
39,68.00,310.00
40,68.00,310.00
41,69.00,308.00
42,70.00,308.00
43,70.00,307.00
44,70.00,306.00
45,70.00,306.00
46,70.00,305.00
47,70.00,304.00
48,70.00,304.00
49,70.00,302.00
50,71.00,301.00
51,72.00,300.00
52,72.00,299.00
53,72.00,298.00
54,72.00,297.00
55,72.00,296.00
56,72.00,296.00
57,72.00,295.00
58,72.00,294.00
59,72.00,294.00
60,72.00,293.00
61,72.00,292.00
62,74.00,290.00
63,74.00,286.00
64,74.00,286.00
65,75.00,284.00
66,76.00,283.00
67,76.00,282.00
68,76.00,282.00
69,76.00,281.00
70,76.00,280.00
71,76.00,280.00
72,76.00,279.00
73,76.00,278.00
74,76.00,278.00
75,76.00,278.00
76,77.00,278.00
77,77.00,277.00
78,78.00,276.00
79,78.00,275.00
80,79.00,274.00
81,79.00,273.00
82,80.00,272.00
83,80.00,272.00
84,80.00,270.00
85,80.00,270.00
86,81.00,270.00
87,81.00,269.00
88,81.00,268.00
89,81.00,268.00
90,82.00,266.00
91,82.00,266.00
92,82.00,265.00
93,83.00,264.00
94,83.00,263.00
95,83.00,262.00
96,83.00,262.00
97,84.00,260.00
98,84.00,258.00
99,85.00,258.00
100,85.00,258.00
101,85.00,256.00
102,85.00,256.00
103,85.00,255.00
104,85.00,254.00
105,85.00,254.00
106,86.00,252.00
107,86.00,252.00
108,86.00,250.00
109,87.00,250.00
110,87.00,250.00
111,87.00,249.00
112,87.00,248.00
113,87.00,248.00
114,88.00,248.00
115,88.00,247.00
116,89.00,246.00
117,89.00,245.00
118,89.00,244.00
119,90.00,244.00
120,90.00,244.00
121,92.00,243.00
122,92.00,243.00
123,93.00,242.00
124,94.00,242.00
125,95.00,242.00
126,96.00,241.00
127,96.00,240.00
128,96.00,240.00
129,97.00,239.00
130,98.00,239.00
131,98.00,239.00
132,99.00,238.00
133,100.00,238.00
134,100.00,238.00
135,100.00,237.00
136,101.00,236.00
137,102.00,236.00
138,102.00,235.00
139,103.00,235.00
140,104.00,235.00
141,104.00,234.00
142,104.00,234.00
143,104.00,233.00
144,105.00,233.00
145,105.00,232.00
146,106.00,232.00
147,106.00,231.00
148,106.00,230.00
149,107.00,230.00
150,107.00,229.00
151,108.00,228.00
152,108.00,228.00
153,108.00,228.00
154,108.00,227.00
155,108.00,226.00
156,108.00,226.00
157,108.00,225.00
158,108.00,224.00
159,108.00,224.00
160,108.00,223.00
161,108.00,222.00
162,109.00,221.00
163,109.00,220.00
164,110.00,218.00
165,110.00,216.00
166,111.00,214.00
167,112.00,212.00
168,112.00,211.00
169,112.00,209.00
170,113.00,208.00
171,113.00,206.00
172,113.00,206.00
173,114.00,205.00
174,114.00,204.00
175,114.00,204.00
176,114.00,202.00
177,114.00,202.00
178,114.00,200.00
179,114.00,200.00
180,114.00,199.00
181,114.00,198.00
182,114.00,198.00
183,114.00,197.00
184,114.00,196.00
185,114.00,196.00
186,114.00,195.00
187,114.00,194.00
188,114.00,194.00
189,114.00,193.00
190,114.00,192.00
191,114.00,192.00
192,114.00,191.00
193,115.00,191.00
194,115.00,190.00
195,115.00,190.00
196,115.00,189.00
197,115.00,188.00
198,115.00,188.00
199,115.00,187.00
200,115.00,186.00
201,115.00,186.00
202,116.00,185.00
203,116.00,184.00
204,116.00,182.00
205,116.00,181.00
206,116.00,181.00
207,116.00,180.00
208,116.00,179.00
209,116.00,178.00
210,116.00,178.00
211,116.00,177.00
212,117.00,176.00
213,117.00,175.00
214,118.00,174.00
215,118.00,174.00
216,118.00,173.00
217,118.00,172.00
218,118.00,171.00
219,118.00,170.00
220,118.00,170.00
221,118.00,169.00
222,118.00,169.00
223,119.00,168.00
224,119.00,167.00
225,120.00,166.00
226,120.00,164.00
227,120.00,164.00
228,120.00,163.00
229,120.00,162.00
230,120.00,161.00
231,120.00,160.00
232,120.00,158.00
233,120.00,158.00
234,120.00,156.00
235,120.00,154.00
236,121.00,154.00
237,121.00,153.00
238,121.00,152.00
239,121.00,152.00
240,121.00,151.00
241,121.00,150.00
242,121.00,150.00
243,121.00,149.00
244,121.00,148.00
245,121.00,147.00
246,121.00,146.00
247,121.00,146.00
248,121.00,145.00
249,121.00,144.00
250,121.00,144.00
251,122.00,142.00
252,122.00,140.00
253,123.00,136.00
254,123.00,133.00
255,124.00,130.00
256,124.00,128.00
257,124.00,127.00
258,124.00,126.00
259,124.00,125.00
260,124.00,123.00
261,124.00,122.00
262,124.00,121.00
263,124.00,119.00
264,124.00,118.00
265,124.00,117.00
266,125.00,116.00
267,126.00,114.00
268,126.00,114.00
269,126.00,112.00
270,126.00,111.00
271,126.00,109.00
272,126.00,108.00
273,126.00,107.00
274,126.00,106.00
275,126.00,105.00
276,126.00,104.00
277,126.00,103.00
278,127.00,102.00
279,127.00,100.00
280,127.00,100.00
281,127.00,98.00
282,128.00,97.00
283,128.00,95.00
284,128.00,94.00
285,128.00,94.00
286,128.00,92.00
287,128.00,92.00
288,128.00,91.00
289,128.00,90.00
290,128.00,90.00
291,128.00,88.00
292,128.00,88.00
293,128.00,87.00
294,128.00,86.00
295,128.00,86.00
296,128.00,85.00
297,128.00,84.00
298,128.00,84.00
299,128.00,82.00
300,128.00,81.00
301,128.00,80.00
302,128.00,80.00
303,128.00,79.00
304,129.00,78.00
305,129.00,76.00
306,129.00,74.00
307,130.00,73.00
308,130.00,71.00
309,131.00,69.00
310,131.00,68.00
311,132.00,66.00
312,132.00,66.00
313,132.00,65.00
314,132.00,64.00
315,132.00,64.00
316,132.00,63.00
317,132.00,62.00
318,132.00,62.00
319,132.00,60.00
320,132.00,60.00
321,132.00,58.00
322,133.00,56.00
323,133.00,55.00
324,133.00,54.00
325,133.00,52.00
326,133.00,52.00
327,133.00,51.00
328,133.00,50.00
329,133.00,49.00
330,133.00,48.00
331,133.00,48.00
332,133.00,47.00
333,133.00,46.00
334,133.00,45.00
335,133.00,44.00
336,133.00,43.00
337,133.00,42.00
338,133.00,41.00
339,133.00,40.00
340,133.00,40.00
341,133.00,39.00
342,133.00,38.00
343,134.00,38.00
344,134.00,38.00
345,135.00,38.00
346,136.00,38.00
347,136.00,39.00
348,136.00,40.00
349,137.00,40.00
350,138.00,40.00
351,139.00,40.00
352,140.00,40.00
353,140.00,40.00
354,141.00,40.00
355,141.00,41.00
356,142.00,41.00
357,142.00,41.00
358,143.00,41.00
359,144.00,41.00
360,144.00,41.00
361,145.00,41.00
362,146.00,41.00
363,146.00,41.00
364,147.00,41.00
365,148.00,41.00
366,148.00,41.00
367,149.00,41.00
368,150.00,41.00
369,150.00,41.00
370,151.00,41.00
371,152.00,41.00
372,152.00,41.00
373,153.00,41.00
374,154.00,41.00
375,154.00,41.00
376,155.00,41.00
377,156.00,41.00
378,156.00,41.00
379,157.00,41.00
380,158.00,41.00
381,158.00,41.00
382,159.00,41.00
383,160.00,41.00
384,160.00,41.00
385,160.00,42.00
386,160.00,42.00
387,160.00,43.00
388,160.00,44.00
389,160.00,44.00
390,160.00,45.00
391,160.00,46.00
392,160.00,47.00
393,161.00,47.00
394,161.00,48.00
395,161.00,48.00
396,162.00,49.00
397,162.00,50.00
398,162.00,50.00
399,162.00,51.00
400,162.00,52.00
401,162.00,52.00
402,163.00,53.00
403,163.00,54.00
404,163.00,54.00
405,163.00,55.00
406,163.00,56.00
407,164.00,56.00
408,164.00,57.00
409,164.00,58.00
410,164.00,58.00
411,164.00,59.00
412,164.00,60.00
413,164.00,60.00
414,164.00,61.00
415,164.00,62.00
416,165.00,62.00
417,165.00,63.00
418,165.00,64.00
419,166.00,64.00
420,166.00,65.00
421,166.00,66.00
422,166.00,66.00
423,166.00,67.00
424,166.00,67.00
425,166.00,68.00
426,166.00,68.00
427,166.00,69.00
428,166.00,70.00
429,166.00,70.00
430,166.00,71.00
431,166.00,72.00
432,166.00,72.00
433,166.00,73.00
434,166.00,74.00
435,166.00,74.00
436,166.00,75.00
437,166.00,76.00
438,166.00,77.00
439,166.00,78.00
440,166.00,78.00
441,166.00,80.00
442,166.00,80.00
443,166.00,81.00
444,166.00,82.00
445,166.00,82.00
446,166.00,83.00
447,166.00,84.00
448,166.00,84.00
449,166.00,85.00
450,166.00,86.00
451,166.00,86.00
452,166.00,87.00
453,166.00,88.00
454,166.00,88.00
455,166.00,89.00
456,166.00,90.00
457,166.00,90.00
458,166.00,92.00
459,166.00,92.00
460,166.00,93.00
461,166.00,94.00
462,166.00,94.00
463,166.00,95.00
464,166.00,96.00
465,166.00,96.00
466,167.00,96.00
467,167.00,97.00
468,167.00,98.00
469,167.00,98.00
470,167.00,100.00
471,167.00,100.00
472,167.00,101.00
473,167.00,102.00
474,167.00,102.00
475,167.00,103.00
476,168.00,104.00
477,168.00,105.00
478,168.00,106.00
479,168.00,106.00
480,168.00,107.00
481,168.00,108.00
482,168.00,108.00
483,169.00,110.00
484,169.00,110.00
485,169.00,111.00
486,169.00,112.00
487,169.00,112.00
488,169.00,113.00
489,170.00,114.00
490,170.00,114.00
491,170.00,115.00
492,171.00,115.00
493,171.00,116.00
494,171.00,117.00
495,171.00,118.00
496,171.00,119.00
497,171.00,120.00
498,171.00,120.00
499,171.00,121.00
500,171.00,122.00
501,171.00,122.00
502,171.00,123.00
503,171.00,124.00
504,171.00,124.00
505,171.00,125.00
506,171.00,126.00
507,171.00,126.00
508,171.00,127.00
509,171.00,128.00
510,171.00,128.00
511,172.00,129.00
512,172.00,130.00
513,172.00,130.00
514,172.00,131.00
515,172.00,132.00
516,172.00,132.00
517,172.00,134.00
518,173.00,134.00
519,173.00,135.00
520,173.00,136.00
521,173.00,136.00
522,173.00,138.00
523,173.00,138.00
524,173.00,139.00
525,173.00,141.00
526,173.00,142.00
527,173.00,144.00
528,173.00,144.00
529,173.00,146.00
530,173.00,147.00
531,173.00,148.00
532,173.00,148.00
533,173.00,150.00
534,173.00,150.00
535,173.00,151.00
536,173.00,152.00
537,173.00,152.00
538,173.00,153.00
539,173.00,154.00
540,173.00,154.00
541,173.00,155.00
542,173.00,156.00
543,173.00,156.00
544,173.00,158.00
545,173.00,158.00
546,173.00,159.00
547,173.00,160.00
548,173.00,160.00
549,173.00,161.00
550,173.00,162.00
551,174.00,162.00
552,174.00,162.00
553,174.00,163.00
554,174.00,164.00
555,174.00,164.00
556,174.00,165.00
557,174.00,166.00
558,174.00,166.00
559,174.00,166.00
560,174.00,167.00
561,174.00,168.00
562,174.00,169.00
563,174.00,170.00
564,174.00,171.00
565,174.00,172.00
566,174.00,174.00
567,174.00,174.00
568,174.00,176.00
569,174.00,177.00
570,174.00,178.00
571,174.00,178.00
572,174.00,179.00
573,174.00,180.00
574,174.00,181.00
575,174.00,182.00
576,174.00,183.00
577,174.00,184.00
578,174.00,185.00
579,174.00,186.00
580,174.00,186.00
581,175.00,187.00
582,175.00,188.00
583,175.00,189.00
584,175.00,190.00
585,175.00,190.00
586,175.00,191.00
587,175.00,192.00
588,176.00,193.00
589,176.00,194.00
590,176.00,194.00
591,176.00,195.00
592,176.00,196.00
593,177.00,197.00
594,177.00,198.00
595,177.00,198.00
596,177.00,199.00
597,177.00,200.00
598,178.00,200.00
599,178.00,200.00
600,178.00,201.00
601,178.00,202.00
602,178.00,202.00
603,178.00,203.00
604,178.00,204.00
605,178.00,204.00
606,178.00,205.00
607,178.00,206.00
608,178.00,206.00
609,178.00,208.00
610,178.00,208.00
611,178.00,209.00
612,178.00,211.00
613,178.00,212.00
614,178.00,213.00
615,178.00,214.00
616,178.00,216.00
617,178.00,216.00
618,178.00,217.00
619,178.00,218.00
620,178.00,218.00
621,178.00,220.00
622,178.00,220.00
623,178.00,221.00
624,178.00,222.00
625,179.00,222.00
626,179.00,224.00
627,179.00,224.00
628,179.00,225.00
629,179.00,226.00
630,179.00,226.00
631,179.00,228.00
632,179.00,228.00
633,179.00,229.00
634,179.00,230.00
635,179.00,231.00
636,179.00,232.00
637,180.00,232.00
638,180.00,233.00
639,180.00,234.00
640,180.00,235.00
641,181.00,236.00
642,181.00,237.00
643,181.00,238.00
644,182.00,240.00
645,182.00,240.00
646,182.00,242.00
647,182.00,243.00
648,182.00,244.00
649,182.00,244.00
650,182.00,245.00
651,182.00,246.00
652,182.00,247.00
653,182.00,248.00
654,183.00,248.00
655,183.00,249.00
656,184.00,250.00
657,184.00,251.00
658,184.00,252.00
659,184.00,254.00
660,184.00,254.00
661,184.00,256.00
662,184.00,256.00
663,184.00,258.00
664,184.00,258.00
665,184.00,260.00
666,184.00,260.00
667,184.00,261.00
668,184.00,262.00
669,184.00,262.00
670,184.00,264.00
671,184.00,265.00
672,184.00,266.00
673,184.00,267.00
674,184.00,268.00
675,184.00,269.00
676,184.00,270.00
677,184.00,271.00
678,184.00,272.00
679,184.00,272.00
680,184.00,274.00
681,184.00,274.00
682,184.00,275.00
683,184.00,276.00
684,184.00,276.00
685,184.00,277.00
686,184.00,278.00
687,184.00,278.00
688,184.00,279.00
689,184.00,280.00
690,184.00,281.00
691,184.00,282.00
692,184.00,283.00
693,184.00,284.00
694,185.00,284.00
695,185.00,285.00
696,186.00,286.00
697,186.00,288.00
698,186.00,288.00
699,186.00,290.00
700,187.00,290.00
701,188.00,292.00
702,188.00,292.00
703,188.00,293.00
704,188.00,295.00
705,189.00,296.00
706,189.00,297.00
707,190.00,298.00
708,190.00,300.00
709,190.00,300.00
710,190.00,301.00
711,191.00,302.00
712,191.00,302.00
713,191.00,304.00
714,191.00,304.00
715,191.00,306.00
716,191.00,306.00
717,191.00,307.00
718,192.00,308.00
719,192.00,308.00
720,192.00,310.00
721,192.00,310.00
722,192.00,312.00
723,192.00,312.00
724,192.00,313.00
725,192.00,314.00
726,192.00,314.00
727,192.00,316.00
728,193.00,317.00
729,193.00,318.00
730,194.00,319.00
731,194.00,320.00
732,194.00,320.00
733,194.00,321.00
734,194.00,322.00
735,194.00,322.00
736,194.00,323.00
737,195.00,324.00
738,195.00,324.00
739,195.00,326.00
740,196.00,326.00
741,196.00,327.00
742,196.00,328.00
743,196.00,328.00
744,196.00,329.00
745,196.00,329.00
746,196.00,330.00
747,197.00,330.00
748,198.00,331.00
749,198.00,331.00
750,198.00,332.00
751,199.00,332.00
752,199.00,332.00
753,200.00,332.00
754,200.00,333.00
755,200.00,334.00
756,201.00,334.00
757,201.00,334.00
758,202.00,334.00
759,202.00,335.00
760,203.00,335.00
761,203.00,334.00
762,203.00,334.00
763,203.00,333.00
764,204.00,333.00
765,204.00,332.00
766,204.00,332.00
767,205.00,332.00
768,205.00,331.00
769,206.00,331.00
770,206.00,330.00
771,206.00,330.00
772,206.00,329.00
773,206.00,328.00
774,206.00,328.00
775,207.00,328.00
776,208.00,327.00
777,208.00,326.00
778,208.00,326.00
779,208.00,325.00
780,208.00,324.00
781,209.00,324.00
782,210.00,323.00
783,210.00,322.00
784,210.00,321.00
785,210.00,320.00
786,210.00,320.00
787,210.00,319.00
788,210.00,318.00
789,211.00,317.00
790,212.00,316.00
791,212.00,316.00
792,212.00,314.00
793,213.00,313.00
794,214.00,312.00
795,214.00,312.00
796,214.00,310.00
797,214.00,309.00
798,214.00,308.00
799,215.00,308.00
800,216.00,306.00
801,216.00,306.00
802,216.00,305.00
803,217.00,304.00
804,217.00,303.00
805,217.00,302.00
806,218.00,302.00
807,218.00,301.00
808,218.00,300.00
809,218.00,300.00
810,218.00,299.00
811,218.00,298.00
812,218.00,298.00
813,218.00,296.00
814,219.00,296.00
815,219.00,296.00
816,220.00,295.00
817,220.00,294.00
818,220.00,294.00
819,221.00,292.00
820,222.00,292.00
821,222.00,292.00
822,222.00,291.00
823,222.00,290.00
824,222.00,289.00
825,223.00,288.00
826,224.00,288.00
827,224.00,288.00
828,224.00,286.00
829,225.00,286.00
830,226.00,284.00
831,226.00,284.00
832,226.00,283.00
833,226.00,282.00
834,227.00,281.00
835,227.00,280.00
836,228.00,280.00
837,228.00,279.00
838,228.00,278.00
839,228.00,278.00
840,229.00,277.00
841,229.00,276.00
842,229.00,276.00
843,229.00,275.00
844,230.00,274.00
845,230.00,274.00
846,231.00,274.00
847,232.00,273.00
848,232.00,273.00
849,233.00,273.00
850,233.00,272.00
851,233.00,272.00
852,234.00,272.00
853,234.00,272.00
854,235.00,272.00
855,236.00,271.00
856,237.00,271.00
857,237.00,270.00
858,238.00,270.00
859,239.00,269.00
860,240.00,269.00
861,241.00,269.00
862,241.00,268.00
863,242.00,268.00
864,243.00,268.00
865,244.00,268.00
866,244.00,268.00
867,245.00,267.00
868,245.00,266.00
869,246.00,266.00
870,246.00,266.00
871,246.00,266.00
872,247.00,266.00
873,247.00,265.00
874,248.00,265.00
875,248.00,265.00
876,248.00,264.00
877,249.00,264.00
878,249.00,263.00
879,250.00,262.00
880,250.00,262.00
881,250.00,262.00
882,250.00,261.00
883,251.00,261.00
884,251.00,260.00
885,251.00,260.00
886,252.00,259.00
887,252.00,258.00
888,252.00,257.00
889,252.00,256.00
890,252.00,256.00
891,252.00,255.00
892,252.00,254.00
893,252.00,253.00
894,252.00,253.00
895,252.00,252.00
896,252.00,251.00
897,252.00,250.00
898,252.00,250.00
899,252.00,249.00
900,253.00,249.00
901,254.00,249.00
902,254.00,249.00
903,255.00,249.00
904,255.00,248.00
905,255.00,248.00
906,255.00,247.00
907,255.00,246.00
908,255.00,246.00
909,255.00,244.00
910,255.00,244.00
911,255.00,243.00
912,256.00,242.00
913,256.00,242.00
914,256.00,241.00
915,256.00,240.00
916,256.00,239.00
917,256.00,238.00
918,256.00,238.00
919,256.00,236.00
920,256.00,236.00
921,257.00,235.00
922,257.00,234.00
923,257.00,234.00
924,258.00,233.00
925,258.00,232.00
926,258.00,231.00
927,258.00,230.00
928,259.00,228.00
929,259.00,228.00
930,259.00,227.00
931,259.00,226.00
932,259.00,226.00
933,259.00,224.00
934,259.00,223.00
935,259.00,222.00
936,260.00,222.00
937,260.00,221.00
938,260.00,220.00
939,260.00,219.00
940,260.00,218.00
941,260.00,218.00
942,260.00,217.00
943,260.00,216.00
944,261.00,215.00
945,261.00,214.00
946,262.00,213.00
947,262.00,211.00
948,262.00,210.00
949,262.00,210.00
950,263.00,208.00
951,263.00,206.00
952,264.00,206.00
953,264.00,204.00
954,264.00,202.00
955,264.00,202.00
956,264.00,200.00
957,264.00,198.00
958,265.00,198.00
959,265.00,196.00
960,266.00,195.00
961,266.00,194.00
962,266.00,193.00
963,266.00,192.00
964,266.00,191.00
965,266.00,190.00
966,266.00,189.00
967,266.00,188.00
968,266.00,188.00
969,266.00,187.00
970,266.00,186.00
971,266.00,186.00
972,266.00,185.00
973,266.00,184.00
974,266.00,184.00
975,266.00,184.00
976,266.00,183.00
977,266.00,182.00
978,266.00,182.00
979,266.00,181.00
980,266.00,180.00
981,266.00,180.00
982,266.00,179.00
983,266.00,177.00
984,266.00,176.00
985,266.00,175.00
986,266.00,174.00
987,266.00,173.00
988,267.00,172.00
989,267.00,172.00
990,267.00,170.00
991,267.00,170.00
992,267.00,169.00
993,267.00,168.00
994,267.00,167.00
995,267.00,166.00
996,267.00,166.00
997,267.00,165.00
998,268.00,164.00
999,268.00,163.00
1000,268.00,162.00
1001,268.00,161.00
1002,268.00,161.00
1003,268.00,160.00
1004,268.00,159.00
1005,268.00,158.00
1006,268.00,157.00
1007,268.00,156.00
1008,269.00,154.00
1009,269.00,154.00
1010,269.00,152.00
1011,269.00,150.00
1012,269.00,150.00
1013,270.00,148.00
1014,270.00,148.00
1015,270.00,146.00
1016,270.00,146.00
1017,270.00,145.00
1018,270.00,144.00
1019,270.00,144.00
1020,270.00,142.00
1021,270.00,142.00
1022,270.00,141.00
1023,270.00,140.00
1024,270.00,140.00
1025,270.00,138.00
1026,270.00,138.00
1027,270.00,137.00
1028,270.00,136.00
1029,270.00,134.00
1030,270.00,134.00
1031,270.00,133.00
1032,270.00,132.00
1033,271.00,131.00
1034,271.00,130.00
1035,271.00,130.00
1036,272.00,129.00
1037,272.00,127.00
1038,272.00,126.00
1039,272.00,126.00
1040,272.00,125.00
1041,272.00,124.00
1042,272.00,124.00
1043,272.00,123.00
1044,272.00,122.00
1045,272.00,121.00
1046,272.00,120.00
1047,272.00,120.00
1048,272.00,118.00
1049,272.00,118.00
1050,273.00,116.00
1051,273.00,114.00
1052,273.00,114.00
1053,273.00,112.00
1054,273.00,112.00
1055,274.00,110.00
1056,274.00,110.00
1057,274.00,108.00
1058,274.00,106.00
1059,275.00,106.00
1060,276.00,104.00
1061,276.00,103.00
1062,276.00,102.00
1063,276.00,100.00
1064,276.00,98.00
1065,277.00,97.00
1066,277.00,95.00
1067,278.00,94.00
1068,278.00,93.00
1069,278.00,92.00
1070,278.00,90.00
1071,278.00,89.00
1072,278.00,88.00
1073,279.00,87.00
1074,279.00,86.00
1075,279.00,85.00
1076,279.00,83.00
1077,279.00,82.00
1078,279.00,82.00
1079,279.00,81.00
1080,279.00,80.00
1081,279.00,79.00
1082,279.00,78.00
1083,279.00,78.00
1084,279.00,76.00
1085,279.00,76.00
1086,279.00,75.00
1087,279.00,74.00
1088,279.00,73.00
1089,279.00,72.00
1090,279.00,72.00
1091,279.00,71.00
1092,279.00,70.00
1093,279.00,70.00
1094,279.00,69.00
1095,279.00,68.00
1096,279.00,67.00
1097,279.00,66.00
1098,279.00,66.00
1099,279.00,65.00
1100,279.00,64.00
1101,279.00,63.00
1102,279.00,62.00
1103,279.00,61.00
1104,279.00,60.00
1105,279.00,59.00
1106,279.00,58.00
1107,279.00,58.00
1108,279.00,57.00
1109,279.00,56.00
1110,279.00,55.00
1111,279.00,54.00
1112,279.00,54.00
1113,279.00,53.00
1114,278.00,52.00
1115,278.00,51.00
1116,278.00,50.00
1117,278.00,50.00
1118,278.00,48.00
1119,278.00,48.00
1120,278.00,47.00
1121,278.00,46.00
1122,278.00,46.00
1123,278.00,45.00
1124,278.00,44.00
1125,278.00,44.00
1126,278.00,43.00
1127,279.00,43.00
1128,279.00,42.00
1129,279.00,43.00
1130,280.00,43.00
1131,280.00,43.00
1132,281.00,43.00
1133,282.00,43.00
1134,282.00,43.00
1135,283.00,43.00
1136,284.00,43.00
1137,284.00,43.00
1138,285.00,43.00
1139,286.00,43.00
1140,286.00,43.00
1141,287.00,43.00
1142,288.00,43.00
1143,288.00,43.00
1144,289.00,43.00
1145,290.00,43.00
1146,291.00,43.00
1147,292.00,43.00
1148,292.00,43.00
1149,293.00,43.00
1150,294.00,43.00
1151,294.00,43.00
1152,295.00,43.00
1153,296.00,43.00
1154,296.00,43.00
1155,296.00,42.00
1156,297.00,42.00
1157,297.00,42.00
1158,298.00,42.00
1159,298.00,42.00
1160,299.00,42.00
1161,300.00,42.00
1162,300.00,41.00
1163,301.00,41.00
1164,302.00,41.00
1165,302.00,41.00
1166,303.00,41.00
1167,303.00,40.00
1168,304.00,40.00
1169,304.00,40.00
1170,305.00,40.00
1171,306.00,39.00
1172,306.00,39.00
1173,308.00,39.00
1174,308.00,39.00
1175,309.00,39.00
1176,309.00,40.00
1177,309.00,40.00
1178,309.00,41.00
1179,309.00,42.00
1180,309.00,42.00
1181,309.00,43.00
1182,309.00,44.00
1183,309.00,44.00
1184,309.00,45.00
1185,309.00,46.00
1186,309.00,46.00
1187,309.00,47.00
1188,310.00,47.00
1189,310.00,48.00
1190,310.00,48.00
1191,310.00,49.00
1192,310.00,49.00
1193,311.00,49.00
1194,311.00,50.00
1195,311.00,50.00
1196,311.00,51.00
1197,311.00,52.00
1198,311.00,53.00
1199,311.00,54.00
1200,311.00,54.00
1201,311.00,55.00
1202,311.00,56.00
1203,311.00,57.00
1204,311.00,58.00
1205,311.00,59.00
1206,311.00,60.00
1207,311.00,60.00
1208,311.00,61.00
1209,311.00,62.00
1210,311.00,62.00
1211,311.00,63.00
1212,311.00,64.00
1213,311.00,64.00
1214,311.00,65.00
1215,311.00,66.00
1216,311.00,66.00
1217,311.00,67.00
1218,311.00,68.00
1219,311.00,68.00
1220,311.00,69.00
1221,311.00,70.00
1222,311.00,70.00
1223,312.00,71.00
1224,312.00,72.00
1225,312.00,72.00
1226,312.00,73.00
1227,312.00,74.00
1228,312.00,74.00
1229,312.00,75.00
1230,312.00,76.00
1231,312.00,76.00
1232,313.00,77.00
1233,313.00,78.00
1234,313.00,78.00
1235,314.00,79.00
1236,314.00,80.00
1237,314.00,80.00
1238,314.00,81.00
1239,314.00,82.00
1240,314.00,82.00
1241,314.00,83.00
1242,315.00,83.00
1243,315.00,84.00
1244,315.00,84.00
1245,315.00,85.00
1246,316.00,85.00
1247,316.00,86.00
1248,316.00,86.00
1249,316.00,87.00
1250,316.00,89.00
1251,316.00,90.00
1252,316.00,90.00
1253,316.00,92.00
1254,316.00,94.00
1255,316.00,94.00
1256,316.00,96.00
1257,316.00,97.00
1258,316.00,98.00
1259,316.00,98.00
1260,316.00,99.00
1261,316.00,100.00
1262,316.00,100.00
1263,316.00,101.00
1264,316.00,102.00
1265,316.00,103.00
1266,316.00,104.00
1267,316.00,104.00
1268,316.00,105.00
1269,316.00,106.00
1270,316.00,106.00
1271,316.00,107.00
1272,316.00,108.00
1273,316.00,108.00
1274,316.00,109.00
1275,316.00,110.00
1276,316.00,110.00
1277,316.00,111.00
1278,316.00,112.00
1279,317.00,113.00
1280,317.00,114.00
1281,317.00,116.00
1282,317.00,117.00
1283,318.00,118.00
1284,318.00,119.00
1285,318.00,120.00
1286,319.00,121.00
1287,319.00,122.00
1288,320.00,123.00
1289,320.00,124.00
1290,320.00,124.00
1291,320.00,125.00
1292,320.00,126.00
1293,320.00,127.00
1294,320.00,128.00
1295,320.00,128.00
1296,320.00,129.00
1297,321.00,130.00
1298,321.00,130.00
1299,321.00,131.00
1300,321.00,132.00
1301,321.00,132.00
1302,321.00,133.00
1303,321.00,134.00
1304,321.00,134.00
1305,321.00,135.00
1306,321.00,136.00
1307,321.00,136.00
1308,321.00,137.00
1309,321.00,138.00
1310,321.00,139.00
1311,321.00,140.00
1312,321.00,140.00
1313,321.00,141.00
1314,321.00,142.00
1315,321.00,142.00
1316,321.00,143.00
1317,321.00,144.00
1318,321.00,144.00
1319,321.00,145.00
1320,321.00,146.00
1321,321.00,146.00
1322,321.00,147.00
1323,321.00,148.00
1324,321.00,148.00
1325,321.00,149.00
1326,321.00,150.00
1327,321.00,150.00
1328,321.00,151.00
1329,322.00,151.00
1330,322.00,151.00
1331,323.00,151.00
1332,323.00,152.00
1333,323.00,152.00
1334,323.00,153.00
1335,323.00,154.00
1336,322.00,155.00
1337,322.00,158.00
1338,322.00,158.00
1339,322.00,160.00
1340,322.00,162.00
1341,321.00,162.00
1342,321.00,164.00
1343,321.00,164.00
1344,321.00,165.00
1345,321.00,166.00
1346,321.00,167.00
1347,321.00,168.00
1348,321.00,168.00
1349,321.00,170.00
1350,321.00,170.00
1351,321.00,171.00
1352,321.00,172.00
1353,321.00,172.00
1354,321.00,173.00
1355,321.00,174.00
1356,321.00,174.00
1357,321.00,175.00
1358,321.00,176.00
1359,321.00,177.00
1360,321.00,178.00
1361,321.00,178.00
1362,321.00,179.00
1363,321.00,180.00
1364,321.00,180.00
1365,321.00,181.00
1366,321.00,182.00
1367,321.00,182.00
1368,321.00,183.00
1369,321.00,184.00
1370,321.00,184.00
1371,321.00,185.00
1372,321.00,186.00
1373,322.00,186.00
1374,322.00,187.00
1375,322.00,188.00
1376,322.00,188.00
1377,322.00,189.00
1378,322.00,190.00
1379,322.00,190.00
1380,322.00,191.00
1381,323.00,192.00
1382,323.00,193.00
1383,323.00,194.00
1384,323.00,195.00
1385,323.00,196.00
1386,323.00,196.00
1387,323.00,198.00
1388,323.00,198.00
1389,323.00,199.00
1390,324.00,200.00
1391,324.00,200.00
1392,324.00,202.00
1393,324.00,202.00
1394,324.00,203.00
1395,324.00,204.00
1396,324.00,204.00
1397,324.00,206.00
1398,324.00,206.00
1399,324.00,207.00
1400,325.00,208.00
1401,325.00,208.00
1402,325.00,209.00
1403,325.00,210.00
1404,325.00,210.00
1405,326.00,210.00
1406,326.00,211.00
1407,326.00,212.00
1408,326.00,212.00
1409,327.00,213.00
1410,327.00,214.00
1411,327.00,214.00
1412,328.00,214.00
1413,328.00,214.00
1414,329.00,214.00
1415,329.00,216.00
1416,329.00,217.00
1417,329.00,218.00
1418,328.00,218.00
1419,328.00,220.00
1420,328.00,221.00
1421,328.00,222.00
1422,328.00,223.00
1423,328.00,224.00
1424,328.00,225.00
1425,328.00,226.00
1426,328.00,227.00
1427,328.00,228.00
1428,328.00,230.00
1429,328.00,230.00
1430,328.00,232.00
1431,328.00,233.00
1432,328.00,234.00
1433,328.00,234.00
1434,328.00,235.00
1435,328.00,236.00
1436,328.00,237.00
1437,328.00,238.00
1438,328.00,239.00
1439,328.00,240.00
1440,328.00,240.00
1441,328.00,241.00
1442,328.00,242.00
1443,328.00,242.00
1444,328.00,243.00
1445,328.00,244.00
1446,328.00,244.00
1447,328.00,245.00
1448,328.00,246.00
1449,328.00,246.00
1450,328.00,247.00
1451,328.00,248.00
1452,328.00,249.00
1453,328.00,250.00
1454,328.00,250.00
1455,328.00,251.00
1456,328.00,252.00
1457,328.00,252.00
1458,329.00,253.00
1459,329.00,254.00
1460,329.00,254.00
1461,329.00,255.00
1462,329.00,256.00
1463,329.00,256.00
1464,330.00,258.00
1465,330.00,258.00
1466,330.00,259.00
1467,330.00,260.00
1468,330.00,261.00
1469,331.00,262.00
1470,331.00,262.00
1471,331.00,263.00
1472,331.00,264.00
1473,332.00,265.00
1474,332.00,266.00
1475,332.00,266.00
1476,332.00,267.00
1477,332.00,268.00
1478,332.00,268.00
1479,332.00,269.00
1480,332.00,270.00
1481,332.00,270.00
1482,332.00,271.00
1483,332.00,272.00
1484,333.00,273.00
1485,333.00,274.00
1486,334.00,274.00
1487,334.00,274.00
1488,334.00,275.00
1489,334.00,276.00
1490,335.00,277.00
1491,335.00,278.00
1492,335.00,278.00
1493,335.00,280.00
1494,336.00,280.00
1495,336.00,281.00
1496,336.00,282.00
1497,336.00,282.00
1498,337.00,283.00
1499,337.00,284.00
1500,337.00,284.00
1501,338.00,285.00
1502,338.00,286.00
1503,338.00,286.00
1504,339.00,286.00
1505,339.00,286.00
1506,339.00,287.00
1507,339.00,288.00
1508,339.00,288.00
1509,339.00,290.00
1510,339.00,291.00
1511,339.00,292.00
1512,339.00,294.00
1513,339.00,294.00
1514,339.00,296.00
1515,339.00,297.00
1516,339.00,298.00
1517,339.00,298.00
1518,339.00,300.00
1519,339.00,300.00
1520,339.00,301.00
1521,339.00,302.00
1522,339.00,302.00
1523,339.00,304.00
1524,339.00,304.00
1525,340.00,304.00
1526,340.00,305.00
1527,340.00,306.00
1528,340.00,306.00
1529,340.00,306.00
1530,341.00,307.00
1531,341.00,308.00
1532,342.00,308.00
1533,342.00,310.00
1534,342.00,310.00
1535,342.00,312.00
1536,343.00,312.00
1537,344.00,312.00
1538,344.00,314.00
1539,344.00,314.00
1540,345.00,315.00
1541,345.00,316.00
1542,346.00,316.00
1543,346.00,316.00
1544,346.00,317.00
1545,346.00,318.00
1546,346.00,318.00
1547,347.00,318.00
1548,348.00,318.00
1549,348.00,318.00
1550,349.00,318.00
1551,349.00,317.00
1552,350.00,317.00
1553,350.00,316.00
1554,350.00,316.00
1555,351.00,316.00
1556,351.00,315.00
1557,352.00,314.00
1558,352.00,314.00
1559,353.00,313.00
1560,353.00,312.00
1561,354.00,312.00
1562,354.00,312.00
1563,354.00,312.00
1564,355.00,311.00
1565,356.00,310.00
1566,356.00,310.00
1567,356.00,310.00
1568,356.00,309.00
1569,357.00,309.00
1570,357.00,308.00
1571,358.00,308.00
1572,358.00,308.00
1573,358.00,307.00
1574,359.00,307.00
1575,359.00,306.00
1576,360.00,306.00
1577,360.00,305.00
1578,361.00,305.00
1579,361.00,304.00
1580,362.00,303.00
1581,362.00,302.00
1582,362.00,301.00
1583,362.00,300.00
1584,363.00,300.00
1585,364.00,299.00
1586,365.00,298.00
1587,366.00,297.00
1588,366.00,297.00
1589,367.00,296.00
1590,368.00,295.00
1591,369.00,294.00
1592,370.00,294.00
1593,370.00,293.00
1594,370.00,292.00
1595,372.00,291.00
1596,372.00,290.00
1597,373.00,290.00
1598,374.00,289.00
1599,374.00,288.00
1600,375.00,288.00
1601,376.00,287.00
1602,376.00,286.00
1603,377.00,286.00
1604,378.00,286.00
1605,378.00,285.00
1606,378.00,285.00
1607,378.00,284.00
1608,378.00,285.00
1609,378.00,286.00
1610,378.00,286.00
1611,378.00,286.00
1612,379.00,286.00
1613,379.00,285.00
1614,380.00,285.00
1615,380.00,285.00
1616,381.00,285.00
1617,382.00,285.00
1618,382.00,285.00
1619,383.00,285.00
1620,384.00,285.00
1621,384.00,285.00
1622,385.00,285.00
1623,386.00,285.00
1624,386.00,285.00
1625,387.00,285.00
1626,388.00,285.00
1627,388.00,285.00
1628,389.00,284.00
1629,389.00,284.00
1630,390.00,284.00
1631,390.00,283.00
1632,390.00,283.00
1633,391.00,283.00
1634,391.00,282.00
1635,392.00,282.00
1636,392.00,282.00
1637,392.00,282.00
1638,393.00,282.00
1639,393.00,281.00
1640,394.00,281.00
1641,394.00,280.00
1642,394.00,280.00
1643,394.00,280.00
1644,395.00,279.00
1645,396.00,278.00
1646,396.00,278.00
1647,396.00,278.00
1648,397.00,278.00
1649,397.00,277.00
1650,398.00,277.00
1651,398.00,276.00
1652,398.00,276.00
1653,398.00,275.00
1654,399.00,275.00
1655,399.00,274.00
1656,399.00,274.00
1657,399.00,273.00
1658,400.00,272.00
1659,400.00,270.00
1660,400.00,270.00
1661,400.00,269.00
1662,400.00,267.00
1663,400.00,266.00
1664,401.00,265.00
1665,401.00,264.00
1666,401.00,262.00
1667,401.00,261.00
1668,401.00,260.00
1669,401.00,259.00
1670,401.00,258.00
1671,402.00,258.00
1672,402.00,257.00
1673,402.00,257.00
1674,402.00,256.00
1675,402.00,256.00
1676,402.00,255.00
1677,402.00,254.00
1678,402.00,254.00
1679,402.00,253.00
1680,403.00,252.00
1681,404.00,252.00
1682,404.00,250.00
1683,404.00,250.00
1684,404.00,249.00
1685,404.00,248.00
1686,404.00,248.00
1687,405.00,246.00
1688,405.00,246.00
1689,405.00,245.00
1690,405.00,244.00
1691,406.00,243.00
1692,406.00,242.00
1693,406.00,242.00
1694,406.00,241.00
1695,407.00,240.00
1696,407.00,238.00
1697,407.00,238.00
1698,407.00,237.00
1699,408.00,236.00
1700,408.00,236.00
1701,408.00,234.00
1702,408.00,234.00
1703,408.00,234.00
1704,408.00,233.00
1705,408.00,232.00
1706,408.00,232.00
1707,409.00,230.00
1708,409.00,229.00
1709,409.00,228.00
1710,409.00,226.00
1711,410.00,226.00
1712,410.00,224.00
1713,410.00,222.00
1714,410.00,222.00
1715,410.00,220.00
1716,410.00,219.00
1717,410.00,217.00
1718,410.00,216.00
1719,410.00,216.00
1720,410.00,215.00
1721,411.00,214.00
1722,411.00,213.00
1723,411.00,212.00
1724,411.00,212.00
1725,412.00,211.00
1726,412.00,210.00
1727,412.00,209.00
1728,412.00,208.00
1729,412.00,206.00
1730,412.00,205.00
1731,412.00,204.00
1732,413.00,203.00
1733,413.00,202.00
1734,413.00,201.00
1735,414.00,200.00
1736,414.00,199.00
1737,414.00,198.00
1738,414.00,197.00
1739,414.00,196.00
1740,414.00,196.00
1741,414.00,195.00
1742,414.00,194.00
1743,414.00,193.00
1744,414.00,192.00
1745,415.00,192.00
1746,415.00,191.00
1747,415.00,190.00
1748,415.00,190.00
1749,415.00,189.00
1750,415.00,188.00
1751,415.00,186.00
1752,415.00,185.00
1753,415.00,183.00
1754,415.00,182.00
1755,415.00,180.00
1756,415.00,178.00
1757,416.00,176.00
1758,416.00,174.00
1759,416.00,174.00
1760,416.00,171.00
1761,416.00,170.00
1762,417.00,168.00
1763,417.00,167.00
1764,417.00,166.00
1765,417.00,165.00
1766,417.00,164.00
1767,417.00,163.00
1768,417.00,162.00
1769,417.00,162.00
1770,417.00,160.00
1771,417.00,160.00
1772,417.00,159.00
1773,417.00,158.00
1774,417.00,158.00
1775,418.00,156.00
1776,418.00,156.00
1777,418.00,155.00
1778,418.00,154.00
1779,418.00,153.00
1780,419.00,152.00
1781,419.00,151.00
1782,419.00,150.00
1783,420.00,149.00
1784,420.00,148.00
1785,420.00,147.00
1786,420.00,146.00
1787,420.00,144.00
1788,420.00,144.00
1789,420.00,142.00
1790,420.00,142.00
1791,420.00,139.00
1792,420.00,138.00
1793,420.00,136.00
1794,420.00,135.00
1795,420.00,134.00
1796,420.00,132.00
1797,420.00,132.00
1798,420.00,130.00
1799,420.00,129.00
1800,420.00,128.00
1801,420.00,126.00
1802,420.00,126.00
1803,420.00,124.00
1804,420.00,123.00
1805,420.00,122.00
1806,420.00,121.00
1807,420.00,120.00
1808,420.00,118.00
1809,420.00,118.00
1810,420.00,116.00
1811,420.00,114.00
1812,420.00,114.00
1813,420.00,112.00
1814,421.00,110.00
1815,421.00,109.00
1816,422.00,109.00
1817,422.00,106.00
1818,422.00,106.00
1819,423.00,104.00
1820,423.00,103.00
1821,423.00,102.00
1822,423.00,101.00
1823,423.00,100.00
1824,423.00,100.00
1825,423.00,99.00
1826,423.00,98.00
1827,423.00,98.00
1828,423.00,97.00
1829,423.00,96.00
1830,423.00,96.00
1831,423.00,95.00
1832,423.00,94.00
1833,423.00,93.00
1834,423.00,92.00
1835,423.00,92.00
1836,423.00,91.00
1837,423.00,90.00
1838,423.00,89.00
1839,423.00,88.00
1840,423.00,88.00
1841,423.00,87.00
1842,424.00,86.00
1843,424.00,86.00
1844,424.00,84.00
1845,424.00,83.00
1846,424.00,82.00
1847,425.00,82.00
1848,425.00,81.00
1849,425.00,80.00
1850,425.00,80.00
1851,425.00,78.00
1852,425.00,78.00
1853,425.00,77.00
1854,425.00,76.00
1855,425.00,74.00
1856,425.00,72.00
1857,425.00,70.00
1858,425.00,69.00
1859,425.00,66.00
1860,425.00,66.00
1861,425.00,64.00
1862,425.00,64.00
1863,425.00,62.00
1864,426.00,60.00
1865,426.00,59.00
1866,426.00,58.00
1867,426.00,58.00
1868,426.00,56.00
1869,426.00,55.00
1870,427.00,54.00
1871,428.00,52.00
1872,428.00,51.00
1873,428.00,50.00
1874,428.00,49.00
1875,428.00,48.00
1876,428.00,46.00
1877,429.00,45.00
1878,429.00,44.00
1879,430.00,44.00
1880,430.00,42.00
1881,430.00,42.00
1882,430.00,41.00
1883,430.00,40.00
1884,430.00,39.00
1885,430.00,38.00
1886,430.00,38.00
1887,430.00,38.00
1888,430.00,37.00
1889,430.00,36.00
1890,431.00,36.00
1891,432.00,36.00
1892,432.00,36.00
1893,433.00,36.00
1894,434.00,36.00
1895,434.00,36.00
1896,435.00,36.00
1897,436.00,36.00
1898,437.00,36.00
1899,438.00,36.00
1900,438.00,36.00
1901,439.00,36.00
1902,440.00,36.00
1903,440.00,36.00
1904,441.00,36.00
1905,442.00,36.00
1906,442.00,36.00
1907,443.00,36.00
1908,444.00,36.00
1909,444.00,36.00
1910,445.00,36.00
1911,446.00,36.00
1912,446.00,36.00
1913,447.00,36.00
1914,448.00,36.00
1915,448.00,36.00
1916,449.00,36.00
1917,449.00,36.00
1918,449.00,37.00
1919,449.00,38.00
1920,449.00,38.00
1921,449.00,39.00
1922,449.00,40.00
1923,449.00,40.00
1924,449.00,41.00
1925,449.00,42.00
1926,449.00,42.00
1927,450.00,42.00
1928,450.00,42.00
1929,451.00,42.00
1930,452.00,42.00
1931,452.00,42.00
1932,453.00,42.00
1933,454.00,42.00
1934,454.00,42.00
1935,455.00,42.00
1936,456.00,42.00
1937,456.00,42.00
1938,456.00,43.00
1939,456.00,44.00
1940,456.00,44.00
1941,456.00,45.00
1942,456.00,46.00
1943,456.00,46.00
1944,456.00,47.00
1945,456.00,48.00
1946,456.00,48.00
1947,456.00,49.00
1948,456.00,50.00
1949,456.00,50.00
1950,456.00,51.00
1951,456.00,52.00
1952,456.00,52.00
1953,457.00,52.00
1954,457.00,53.00
1955,458.00,54.00
1956,458.00,54.00
1957,458.00,55.00
1958,458.00,56.00
1959,458.00,56.00
1960,460.00,57.00
1961,460.00,58.00
1962,460.00,59.00
1963,460.00,60.00
1964,460.00,61.00
1965,460.00,62.00
1966,461.00,62.00
1967,461.00,62.00
1968,461.00,63.00
1969,461.00,64.00
1970,461.00,64.00
1971,461.00,65.00
1972,462.00,66.00
1973,462.00,66.00
1974,462.00,67.00
1975,462.00,68.00
1976,462.00,68.00
1977,462.00,70.00
1978,462.00,70.00
1979,462.00,71.00
1980,462.00,72.00
1981,462.00,72.00
1982,462.00,73.00
1983,462.00,74.00
1984,463.00,74.00
1985,463.00,74.00
1986,463.00,75.00
1987,463.00,76.00
1988,463.00,76.00
1989,463.00,77.00
1990,464.00,77.00
1991,464.00,78.00
1992,464.00,79.00
1993,464.00,80.00
1994,464.00,82.00
1995,464.00,82.00
1996,464.00,84.00
1997,464.00,85.00
1998,464.00,87.00
1999,464.00,88.00
2000,464.00,88.00
2001,464.00,90.00
2002,464.00,91.00
2003,464.00,92.00
2004,464.00,94.00
2005,464.00,94.00
2006,464.00,96.00
2007,464.00,97.00
2008,464.00,98.00
2009,464.00,99.00
2010,464.00,100.00
2011,464.00,100.00
2012,464.00,101.00
2013,464.00,102.00
2014,464.00,103.00
2015,464.00,104.00
2016,465.00,104.00
2017,465.00,105.00
2018,465.00,106.00
2019,466.00,106.00
2020,466.00,108.00
2021,466.00,108.00
2022,467.00,110.00
2023,467.00,111.00
2024,468.00,112.00
2025,468.00,114.00
2026,468.00,114.00
2027,468.00,116.00
2028,469.00,117.00
2029,470.00,118.00
2030,470.00,119.00
2031,470.00,121.00
2032,471.00,122.00
2033,472.00,122.00
2034,472.00,124.00
2035,472.00,126.00
2036,472.00,127.00
2037,472.00,128.00
2038,472.00,130.00
2039,472.00,130.00
2040,472.00,132.00
2041,472.00,133.00
2042,472.00,134.00
2043,472.00,134.00
2044,472.00,135.00
2045,472.00,136.00
2046,472.00,137.00
2047,472.00,138.00
2048,472.00,138.00
2049,472.00,139.00
2050,472.00,140.00
2051,472.00,140.00
2052,472.00,141.00
2053,472.00,142.00
2054,472.00,143.00
2055,472.00,144.00
2056,472.00,144.00
2057,472.00,145.00
2058,472.00,146.00
2059,472.00,146.00
2060,472.00,147.00
2061,472.00,148.00
2062,472.00,148.00
2063,472.00,149.00
2064,472.00,150.00
2065,472.00,150.00
2066,472.00,151.00
2067,472.00,152.00
2068,472.00,152.00
2069,472.00,153.00
2070,472.00,154.00
2071,472.00,154.00
2072,472.00,155.00
2073,472.00,156.00
2074,472.00,156.00
2075,472.00,157.00
2076,472.00,158.00
2077,472.00,158.00
2078,472.00,159.00
2079,472.00,160.00
2080,472.00,160.00
2081,472.00,161.00
2082,472.00,162.00
2083,472.00,162.00
2084,472.00,163.00
2085,472.00,164.00
2086,472.00,164.00
2087,472.00,165.00
2088,472.00,166.00
2089,472.00,166.00
2090,472.00,167.00
2091,472.00,168.00
2092,472.00,168.00
2093,472.00,169.00
2094,472.00,170.00
2095,472.00,170.00
2096,472.00,171.00
2097,472.00,172.00
2098,472.00,172.00
2099,472.00,173.00
2100,472.00,174.00
2101,472.00,174.00
2102,473.00,175.00
2103,473.00,176.00
2104,473.00,176.00
2105,474.00,176.00
2106,474.00,176.00
2107,475.00,176.00
2108,474.00,177.00
2109,474.00,178.00
2110,474.00,180.00
2111,474.00,181.00
2112,473.00,181.00
2113,472.00,183.00
2114,472.00,184.00
2115,472.00,185.00
2116,472.00,186.00
2117,472.00,186.00
2118,472.00,188.00
2119,472.00,188.00
2120,472.00,189.00
2121,472.00,190.00
2122,472.00,190.00
2123,472.00,192.00
2124,472.00,192.00
2125,472.00,193.00
2126,472.00,194.00
2127,472.00,195.00
2128,472.00,196.00
2129,472.00,196.00
2130,472.00,197.00
2131,472.00,198.00
2132,472.00,199.00
2133,472.00,200.00
2134,473.00,200.00
2135,473.00,201.00
2136,474.00,202.00
2137,474.00,203.00
2138,475.00,204.00
2139,475.00,204.00
2140,475.00,205.00
2141,475.00,206.00
2142,475.00,207.00
2143,475.00,208.00
2144,475.00,208.00
2145,475.00,209.00
2146,476.00,210.00
2147,476.00,211.00
2148,476.00,212.00
2149,476.00,212.00
2150,476.00,213.00
2151,477.00,214.00
2152,477.00,215.00
2153,478.00,216.00
2154,478.00,216.00
2155,479.00,218.00
2156,480.00,219.00
2157,480.00,220.00
2158,480.00,220.00
2159,480.00,222.00
2160,480.00,222.00
2161,481.00,224.00
2162,482.00,224.00
2163,482.00,225.00
2164,482.00,226.00
2165,483.00,228.00
2166,483.00,228.00
2167,483.00,230.00
2168,483.00,232.00
2169,483.00,233.00
2170,484.00,234.00
2171,484.00,235.00
2172,484.00,236.00
2173,484.00,237.00
2174,484.00,238.00
2175,484.00,239.00
2176,484.00,240.00
2177,484.00,241.00
2178,484.00,242.00
2179,484.00,243.00
2180,484.00,244.00
2181,484.00,244.00
2182,484.00,245.00
2183,484.00,246.00
2184,484.00,246.00
2185,484.00,247.00
2186,484.00,248.00
2187,484.00,248.00
2188,484.00,249.00
2189,484.00,250.00
2190,484.00,250.00
2191,484.00,251.00
2192,484.00,252.00
2193,484.00,252.00
2194,484.00,253.00
2195,484.00,254.00
2196,484.00,254.00
2197,484.00,255.00
2198,484.00,256.00
2199,484.00,256.00
2200,484.00,257.00
2201,484.00,258.00
2202,484.00,258.00
2203,484.00,259.00
2204,484.00,260.00
2205,484.00,260.00
2206,484.00,261.00
2207,484.00,262.00
2208,484.00,262.00
2209,484.00,262.00
2210,485.00,262.00
2211,486.00,262.00
2212,486.00,262.00
2213,486.00,263.00
2214,486.00,264.00
2215,486.00,265.00
2216,486.00,266.00
2217,486.00,267.00
2218,486.00,269.00
2219,486.00,270.00
2220,486.00,271.00
2221,486.00,272.00
2222,486.00,273.00
2223,486.00,275.00
2224,486.00,276.00
2225,486.00,278.00
2226,486.00,278.00
2227,486.00,279.00
2228,486.00,280.00
2229,486.00,281.00
2230,486.00,282.00
2231,486.00,283.00
2232,487.00,283.00
2233,487.00,284.00
2234,487.00,285.00
2235,487.00,286.00
2236,487.00,287.00
2237,488.00,287.00
2238,488.00,288.00
2239,488.00,288.00
2240,489.00,289.00
2241,489.00,290.00
2242,490.00,290.00
2243,490.00,290.00
2244,490.00,291.00
2245,491.00,291.00
2246,491.00,292.00
2247,492.00,292.00
2248,492.00,293.00
2249,493.00,294.00
2250,494.00,294.00
2251,494.00,294.00
2252,495.00,295.00
2253,495.00,296.00
2254,495.00,296.00
2255,496.00,296.00
2256,496.00,297.00
2257,497.00,298.00
2258,498.00,298.00
2259,498.00,298.00
2260,498.00,298.00
2261,499.00,299.00
2262,500.00,299.00
2263,500.00,299.00
2264,501.00,299.00
2265,502.00,299.00
2266,502.00,299.00
2267,503.00,299.00
2268,503.00,298.00
2269,504.00,297.00
2270,505.00,297.00
2271,505.00,296.00
2272,506.00,296.00
2273,506.00,295.00
2274,507.00,295.00
2275,507.00,294.00
2276,508.00,294.00
2277,508.00,293.00
2278,509.00,292.00
2279,510.00,292.00
2280,510.00,291.00
2281,510.00,290.00
2282,512.00,289.00
2283,512.00,288.00
2284,513.00,288.00
2285,514.00,287.00
2286,514.00,286.00
2287,516.00,285.00
2288,516.00,284.00
2289,518.00,284.00
2290,518.00,283.00
2291,518.00,282.00
2292,518.00,282.00
2293,519.00,281.00
2294,519.00,280.00
2295,520.00,280.00
2296,520.00,280.00
2297,521.00,280.00
2298,522.00,280.00
2299,522.00,280.00
2300,523.00,280.00
2301,524.00,280.00
2302,524.00,280.00
2303,525.00,282.00
2304,526.00,282.00
2305,526.00,283.00
2306,526.00,284.00
2307,526.00,285.00
2308,527.00,286.00
2309,528.00,287.00
2310,528.00,288.00
2311,528.00,289.00
2312,528.00,290.00
2313,528.00,290.00
2314,528.00,291.00
2315,528.00,292.00
2316,528.00,292.00
2317,528.00,293.00
2318,528.00,294.00
2319,528.00,294.00
2320,528.00,295.00
2321,528.00,295.00
2322,528.00,296.00
2323,528.00,296.00
2324,528.00,297.00
2325,528.00,298.00
2326,528.00,298.00
2327,528.00,299.00
2328,529.00,299.00
2329,529.00,300.00
2330,530.00,300.00
2331,530.00,300.00
2332,530.00,301.00
2333,530.00,302.00
2334,531.00,302.00
2335,532.00,302.00
2336,532.00,303.00
2337,532.00,304.00
2338,532.00,304.00
2339,533.00,304.00
2340,534.00,304.00
2341,534.00,304.00
2342,534.00,304.00
2343,535.00,304.00
2344,536.00,304.00
2345,536.00,304.00
2346,537.00,304.00
2347,538.00,304.00
2348,538.00,304.00
2349,539.00,304.00
2350,540.00,304.00
2351,540.00,304.00
2352,541.00,304.00
2353,542.00,304.00
2354,542.00,303.00
2355,542.00,302.00
2356,542.00,302.00
2357,542.00,301.00
2358,542.00,300.00
2359,542.00,299.00
2360,543.00,298.00
2361,543.00,298.00
2362,544.00,297.00
2363,544.00,296.00
2364,544.00,295.00
2365,545.00,294.00
2366,545.00,294.00
2367,546.00,292.00
2368,546.00,292.00
2369,546.00,290.00
2370,546.00,290.00
2371,547.00,289.00
2372,547.00,288.00
2373,548.00,288.00
2374,548.00,286.00
2375,549.00,286.00
2376,549.00,284.00
2377,550.00,284.00
2378,550.00,284.00
2379,550.00,283.00
2380,550.00,282.00
2381,550.00,282.00
2382,550.00,281.00
2383,550.00,281.00
2384,550.00,280.00
2385,550.00,280.00
2386,550.00,279.00
2387,550.00,278.00
2388,550.00,278.00
2389,551.00,278.00
2390,552.00,278.00
2391,552.00,278.00
2392,552.00,278.00
2393,552.00,277.00
2394,552.00,276.00
2395,552.00,275.00
2396,552.00,274.00
2397,552.00,272.00
2398,552.00,272.00
2399,552.00,271.00
2400,552.00,270.00
2401,552.00,269.00
2402,552.00,268.00
2403,552.00,268.00
2404,552.00,266.00
2405,552.00,266.00
2406,552.00,264.00
2407,552.00,264.00
2408,553.00,263.00
2409,553.00,262.00
2410,553.00,261.00
2411,554.00,260.00
2412,554.00,259.00
2413,554.00,258.00
2414,555.00,256.00
2415,556.00,255.00
2416,556.00,254.00
2417,556.00,252.00
2418,557.00,252.00
2419,557.00,251.00
2420,557.00,249.00
2421,558.00,248.00
2422,558.00,248.00
2423,558.00,247.00
2424,559.00,246.00
2425,560.00,244.00
2426,560.00,244.00
2427,560.00,243.00
2428,560.00,242.00
2429,560.00,241.00
2430,560.00,240.00
2431,560.00,240.00
2432,561.00,239.00
2433,561.00,238.00
2434,561.00,237.00
2435,561.00,236.00
2436,561.00,236.00
2437,561.00,235.00
2438,561.00,234.00
2439,561.00,233.00
2440,561.00,232.00
2441,561.00,231.00
2442,561.00,230.00
2443,561.00,230.00
2444,561.00,229.00
2445,562.00,229.00
2446,562.00,228.00
2447,562.00,228.00
2448,562.00,227.00
2449,562.00,227.00
2450,562.00,226.00
2451,562.00,225.00
2452,562.00,224.00
2453,562.00,224.00
2454,562.00,223.00
2455,562.00,222.00
2456,563.00,222.00
2457,563.00,221.00
2458,563.00,220.00
2459,563.00,220.00
2460,563.00,219.00
2461,563.00,218.00
2462,563.00,218.00
2463,563.00,217.00
2464,563.00,216.00
2465,563.00,216.00
2466,563.00,215.00
2467,563.00,214.00
2468,563.00,213.00
2469,563.00,212.00
2470,563.00,212.00
2471,563.00,210.00
2472,563.00,210.00
2473,563.00,209.00
2474,563.00,208.00
2475,563.00,208.00
2476,563.00,207.00
2477,563.00,206.00
2478,563.00,206.00
2479,563.00,205.00
2480,563.00,204.00
2481,563.00,203.00
2482,563.00,202.00
2483,563.00,202.00
2484,563.00,200.00
2485,563.00,199.00
2486,563.00,198.00
2487,562.00,198.00
2488,562.00,197.00
2489,562.00,196.00
2490,562.00,195.00
2491,562.00,194.00
2492,562.00,194.00
2493,562.00,193.00
2494,562.00,192.00
2495,562.00,192.00
2496,562.00,191.00
2497,562.00,190.00
2498,562.00,189.00
2499,562.00,188.00
2500,562.00,186.00
2501,562.00,186.00
2502,562.00,184.00
2503,562.00,182.00
2504,562.00,182.00
2505,562.00,180.00
2506,562.00,179.00
2507,562.00,178.00
2508,562.00,177.00
2509,562.00,175.00
2510,562.00,174.00
2511,562.00,172.00
2512,563.00,171.00
2513,563.00,170.00
2514,563.00,168.00
2515,564.00,167.00
2516,564.00,166.00
2517,564.00,165.00
2518,565.00,164.00
2519,565.00,162.00
2520,565.00,161.00
2521,566.00,160.00
2522,566.00,158.00
2523,566.00,157.00
2524,566.00,157.00
2525,566.00,156.00
2526,566.00,155.00
2527,567.00,154.00
2528,567.00,153.00
2529,567.00,152.00
2530,568.00,152.00
2531,568.00,151.00
2532,568.00,150.00
2533,568.00,149.00
2534,568.00,148.00
2535,568.00,148.00
2536,568.00,147.00
2537,568.00,146.00
2538,568.00,146.00
2539,568.00,145.00
2540,568.00,144.00
2541,568.00,143.00
2542,568.00,142.00
2543,568.00,141.00
2544,568.00,139.00
2545,568.00,138.00
2546,568.00,136.00
2547,568.00,134.00
2548,569.00,132.00
2549,569.00,131.00
2550,569.00,129.00
2551,569.00,128.00
2552,569.00,126.00
2553,569.00,124.00
2554,569.00,122.00
2555,569.00,120.00
2556,569.00,118.00
2557,569.00,118.00
2558,569.00,116.00
2559,569.00,115.00
2560,569.00,114.00
2561,570.00,113.00
2562,570.00,112.00
2563,570.00,110.00
2564,570.00,110.00
2565,570.00,109.00
2566,570.00,108.00
2567,570.00,107.00
2568,571.00,106.00
2569,571.00,106.00
2570,571.00,105.00
2571,571.00,104.00
2572,572.00,103.00
2573,572.00,102.00
2574,572.00,100.00
2575,572.00,100.00
2576,572.00,99.00
2577,573.00,98.00
2578,573.00,97.00
2579,573.00,96.00
2580,573.00,95.00
2581,573.00,94.00
2582,573.00,94.00
2583,573.00,92.00
2584,573.00,92.00
2585,573.00,90.00
2586,573.00,90.00
2587,573.00,89.00
2588,573.00,87.00
2589,573.00,86.00
2590,573.00,86.00
2591,574.00,85.00
2592,574.00,84.00
2593,574.00,83.00
2594,574.00,83.00
2595,574.00,82.00
2596,575.00,81.00
2597,576.00,80.00
2598,576.00,79.00
2599,576.00,78.00
2600,576.00,78.00
2601,576.00,76.00
2602,576.00,76.00
2603,576.00,75.00
2604,576.00,74.00
2605,576.00,73.00
2606,576.00,72.00
2607,576.00,72.00
2608,576.00,71.00
2609,576.00,70.00
2610,576.00,68.00
2611,577.00,68.00
2612,577.00,66.00
2613,577.00,64.00
2614,577.00,64.00
2615,577.00,63.00
2616,577.00,62.00
2617,577.00,62.00
2618,577.00,60.00
2619,577.00,60.00
2620,577.00,60.00
2621,577.00,60.00
2622,577.00,60.00
2623,577.00,60.00
2624,576.00,60.00
2625,576.00,59.00
2626,576.00,58.00
2627,576.00,57.00
2628,576.00,56.00
2629,576.00,56.00
2630,576.00,54.00
2631,576.00,52.00
2632,576.00,51.00
2633,576.00,50.00
2634,576.00,49.00
2635,576.00,48.00
2636,576.00,47.00
2637,576.00,46.00
2638,577.00,46.00
2639,577.00,44.00
2640,577.00,43.00
2641,577.00,42.00
2642,577.00,42.00
2643,577.00,41.00
2644,578.00,40.00
2645,578.00,40.00
2646,578.00,39.00
2647,579.00,38.00
2648,580.00,38.00
2649,580.00,38.00
2650,580.00,37.00
2651,580.00,36.00
2652,581.00,36.00
2653,582.00,36.00
2654,582.00,36.00
2655,583.00,36.00
2656,584.00,36.00
2657,584.00,36.00
2658,585.00,36.00
2659,586.00,36.00
2660,586.00,36.00
2661,586.00,37.00
2662,586.00,38.00
2663,586.00,38.00
2664,586.00,39.00
2665,586.00,40.00
2666,586.00,41.00
2667,586.00,42.00
2668,586.00,42.00
2669,586.00,43.00
2670,586.00,44.00
2671,586.00,44.00
2672,586.00,44.00
2673,587.00,44.00
2674,588.00,44.00
2675,588.00,44.00
2676,589.00,44.00
2677,590.00,44.00
2678,590.00,45.00
2679,591.00,45.00
2680,592.00,45.00
2681,593.00,45.00
2682,594.00,45.00
2683,595.00,45.00
2684,596.00,45.00
2685,597.00,44.00
2686,598.00,44.00
2687,598.00,44.00
2688,599.00,44.00
2689,600.00,44.00
2690,600.00,44.00
2691,600.00,43.00
2692,601.00,43.00
2693,602.00,43.00
2694,602.00,43.00
2695,602.00,42.00
2696,603.00,42.00
2697,604.00,42.00
2698,604.00,42.00
2699,604.00,41.00
2700,604.00,42.00
2701,604.00,42.00
2702,604.00,43.00
2703,604.00,44.00
2704,604.00,45.00
2705,604.00,46.00
2706,604.00,46.00
2707,604.00,47.00
2708,604.00,48.00
2709,604.00,49.00
2710,604.00,50.00
2711,604.00,51.00
2712,604.00,52.00
2713,604.00,52.00
2714,604.00,53.00
2715,604.00,54.00
2716,604.00,54.00
2717,604.00,56.00
2718,604.00,56.00
2719,604.00,57.00
2720,604.00,58.00
2721,604.00,58.00
2722,604.00,59.00
2723,604.00,60.00
2724,604.00,60.00
2725,604.00,61.00
2726,605.00,62.00
2727,605.00,62.00
2728,606.00,62.00
2729,606.00,63.00
2730,606.00,64.00
2731,606.00,64.00
2732,606.00,64.00
2733,606.00,65.00
2734,607.00,66.00
2735,607.00,66.00
2736,607.00,67.00
2737,608.00,67.00
2738,608.00,68.00
2739,608.00,68.00
2740,609.00,68.00
2741,609.00,69.00
2742,609.00,70.00
2743,609.00,71.00
2744,609.00,72.00
2745,609.00,73.00
2746,609.00,74.00
2747,609.00,74.00
2748,609.00,76.00
2749,609.00,76.00
2750,609.00,77.00
2751,608.00,77.00
2752,608.00,78.00
2753,608.00,78.00
2754,608.00,79.00
2755,608.00,80.00
2756,608.00,80.00
2757,609.00,81.00
2758,609.00,82.00
2759,609.00,82.00
2760,610.00,84.00
2761,610.00,84.00
2762,610.00,85.00
2763,610.00,86.00
2764,611.00,86.00
2765,612.00,88.00
2766,612.00,88.00
2767,612.00,89.00
2768,612.00,90.00
2769,613.00,91.00
2770,614.00,92.00
2771,614.00,92.00
2772,614.00,93.00
2773,615.00,93.00
2774,615.00,94.00
2775,616.00,94.00
2776,616.00,95.00
2777,616.00,96.00
2778,617.00,96.00
2779,617.00,97.00
2780,617.00,98.00
2781,617.00,98.00
2782,617.00,99.00
2783,618.00,100.00
2784,618.00,101.00
2785,618.00,102.00
2786,618.00,103.00
2787,618.00,104.00
2788,618.00,105.00
2789,618.00,106.00
2790,618.00,107.00
2791,618.00,108.00
2792,618.00,109.00
2793,618.00,110.00
2794,618.00,111.00
2795,618.00,112.00
2796,618.00,113.00
2797,618.00,114.00
2798,618.00,114.00
2799,618.00,115.00
2800,618.00,116.00
2801,618.00,117.00
2802,618.00,118.00
2803,618.00,118.00
2804,618.00,119.00
2805,618.00,120.00
2806,618.00,121.00
2807,618.00,122.00
2808,618.00,122.00
2809,618.00,123.00
2810,618.00,124.00
2811,618.00,124.00
2812,618.00,125.00
2813,618.00,126.00
2814,618.00,126.00
2815,618.00,127.00
2816,618.00,128.00
2817,618.00,128.00
2818,618.00,129.00
2819,618.00,130.00
2820,618.00,130.00
2821,618.00,132.00
2822,618.00,133.00
2823,618.00,134.00
2824,618.00,134.00
2825,618.00,135.00
2826,618.00,136.00
2827,618.00,136.00
2828,618.00,138.00
2829,618.00,138.00
2830,618.00,139.00
2831,618.00,140.00
2832,618.00,140.00
2833,618.00,140.00
2834,619.00,140.00
2835,620.00,140.00
2836,619.00,141.00
2837,619.00,142.00
2838,619.00,143.00
2839,619.00,144.00
2840,619.00,145.00
2841,619.00,146.00
2842,619.00,148.00
2843,619.00,148.00
2844,619.00,150.00
2845,619.00,152.00
2846,619.00,153.00
2847,619.00,154.00
2848,619.00,155.00
2849,619.00,156.00
2850,619.00,156.00
2851,619.00,157.00
2852,619.00,158.00
2853,619.00,159.00
2854,619.00,160.00
2855,619.00,161.00
2856,620.00,162.00
2857,620.00,162.00
2858,620.00,163.00
2859,620.00,164.00
2860,620.00,165.00
2861,620.00,166.00
2862,620.00,166.00
2863,620.00,167.00
2864,620.00,168.00
2865,620.00,169.00
2866,621.00,170.00
2867,621.00,170.00
2868,621.00,171.00
2869,621.00,172.00
2870,621.00,172.00
2871,622.00,173.00
2872,622.00,174.00
2873,622.00,174.00
2874,622.00,175.00
2875,622.00,176.00
2876,622.00,176.00
2877,622.00,177.00
2878,622.00,178.00
2879,622.00,178.00
2880,622.00,179.00
2881,622.00,180.00
2882,622.00,180.00
2883,622.00,182.00
2884,622.00,182.00
2885,622.00,183.00
2886,622.00,184.00
2887,623.00,184.00
2888,623.00,185.00
2889,623.00,186.00
2890,623.00,186.00
2891,624.00,187.00
2892,624.00,188.00
2893,624.00,188.00
2894,624.00,189.00
2895,624.00,190.00
2896,624.00,190.00
2897,624.00,191.00
2898,624.00,192.00
2899,624.00,193.00
2900,624.00,194.00
2901,624.00,194.00
2902,624.00,195.00
2903,625.00,196.00
2904,625.00,197.00
2905,625.00,198.00
2906,626.00,198.00
2907,626.00,199.00
2908,626.00,200.00
2909,626.00,201.00
2910,626.00,202.00
2911,626.00,202.00
2912,626.00,203.00
2913,626.00,204.00
2914,626.00,205.00
2915,626.00,206.00
2916,626.00,207.00
2917,626.00,208.00
2918,626.00,208.00
2919,627.00,210.00
2920,627.00,210.00
2921,627.00,211.00
2922,627.00,212.00
2923,628.00,212.00
2924,628.00,214.00
2925,628.00,214.00
2926,628.00,215.00
2927,628.00,216.00
2928,628.00,216.00
2929,628.00,217.00
2930,628.00,218.00
2931,628.00,218.00
2932,628.00,220.00
2933,628.00,220.00
2934,628.00,221.00
2935,628.00,222.00
2936,628.00,222.00
2937,628.00,223.00
2938,628.00,224.00
2939,628.00,224.00
2940,628.00,225.00
2941,628.00,226.00
2942,628.00,226.00
2943,628.00,227.00
2944,628.00,228.00
2945,628.00,228.00
2946,629.00,229.00
2947,629.00,230.00
2948,630.00,230.00
2949,630.00,230.00
2950,631.00,230.00
2951,631.00,230.00
2952,631.00,232.00
2953,631.00,233.00
2954,631.00,234.00
2955,631.00,235.00
2956,631.00,237.00
2957,631.00,238.00
2958,631.00,239.00
2959,631.00,240.00
2960,632.00,242.00
2961,632.00,242.00
2962,632.00,244.00
2963,633.00,245.00
2964,633.00,246.00
2965,634.00,248.00
2966,634.00,248.00
2967,634.00,250.00
2968,634.00,251.00
2969,634.00,252.00
2970,635.00,252.00
2971,635.00,253.00
2972,635.00,254.00
2973,635.00,255.00
2974,636.00,255.00
2975,636.00,256.00
2976,636.00,257.00
2977,636.00,258.00
2978,636.00,260.00
2979,636.00,260.00
2980,636.00,261.00
2981,636.00,262.00
2982,637.00,262.00
2983,637.00,263.00
2984,638.00,264.00
2985,638.00,264.00
2986,638.00,266.00
2987,638.00,266.00
2988,638.00,266.00
2989,639.00,267.00
2990,640.00,268.00
2991,640.00,269.00
2992,640.00,270.00
2993,640.00,270.00
2994,640.00,270.00
2995,641.00,272.00
2996,642.00,272.00

matched_data
index,target_x,target_y,user_x,user_y,offset_px
0,60.00,336.46,60.00,336.00,0.14
1,61.50,331.70,60.00,330.00,1.91
2,63.00,326.48,61.00,322.00,3.10
3,64.50,320.91,62.00,318.00,3.15
4,66.00,315.10,66.00,316.00,0.22
5,67.50,309.16,68.00,312.00,1.18
6,69.00,303.19,70.00,306.00,1.65
7,70.50,297.29,72.00,299.00,1.87
8,72.00,291.54,72.00,293.00,0.37
9,73.50,286.02,76.00,282.00,1.30
10,75.00,280.79,76.00,278.00,0.14
11,76.50,275.91,80.00,272.00,2.08
12,78.00,271.41,82.00,266.00,1.81
13,79.50,267.32,84.00,260.00,1.13
14,81.00,263.66,85.00,254.00,1.07
15,82.50,260.42,87.00,248.00,3.30
16,84.00,257.59,90.00,244.00,4.14
17,85.50,255.15,96.00,240.00,2.73
18,87.00,253.04,100.00,237.00,1.14
19,88.50,251.22,104.00,234.00,1.04
20,90.00,249.64,107.00,229.00,1.91
21,91.50,248.21,108.00,225.00,1.56
22,93.00,246.86,110.00,216.00,1.04
23,94.50,245.52,113.00,206.00,1.70
24,96.00,244.09,114.00,199.00,1.29
25,97.50,242.49,114.00,194.00,0.37
26,99.00,240.63,115.00,190.00,0.65
27,100.50,238.42,116.00,185.00,0.79
28,102.00,235.79,116.00,178.00,0.33
29,103.50,232.64,118.00,172.00,0.73
30,105.00,228.93,120.00,166.00,1.82
31,106.50,224.58,120.00,158.00,0.70
32,108.00,219.54,121.00,151.00,0.73
33,109.50,213.79,121.00,146.00,0.07
34,111.00,207.29,124.00,130.00,0.98
35,112.50,200.02,124.00,121.00,0.14
36,114.00,192.01,126.00,111.00,0.62
37,115.50,183.26,126.00,103.00,0.35
38,117.00,173.80,128.00,94.00,0.55
39,118.50,163.68,128.00,88.00,0.18
40,120.00,152.97,128.00,81.00,1.03
41,121.50,141.74,130.00,73.00,0.03
42,123.00,130.09,132.00,64.00,0.83
43,124.50,118.10,133.00,56.00,0.81
44,126.00,105.89,133.00,48.00,0.24
45,127.50,93.59,133.00,42.00,1.88
46,129.00,81.32,135.00,38.00,4.00
47,130.50,69.22,140.00,40.00,2.00
48,132.00,57.42,144.00,41.00,1.00
49,133.50,46.06,149.00,41.00,1.00
50,135.00,42.00,154.00,41.00,1.00
51,136.50,42.00,159.00,41.00,1.00
52,138.00,42.00,160.00,44.00,1.05
53,139.50,42.00,162.00,50.00,0.33
54,141.00,42.00,163.00,54.00,0.21
55,142.50,42.00,164.00,60.00,0.53
56,144.00,42.00,166.00,64.00,2.10
57,145.50,42.00,166.00,69.00,1.57
58,147.00,42.00,166.00,74.00,1.04
59,148.50,42.00,166.00,80.00,0.44
60,150.00,42.00,166.00,85.00,0.06
61,151.50,42.00,166.00,90.00,0.56
62,153.00,42.00,166.00,96.00,1.13
63,154.50,42.00,167.00,101.00,0.62
64,156.00,42.00,168.00,106.00,0.10
65,157.50,42.00,169.00,112.00,0.33
66,159.00,42.00,171.00,117.00,1.86
67,160.50,42.00,171.00,123.00,1.30
68,162.00,47.02,171.00,128.00,0.84
69,163.50,60.30,172.00,134.00,1.29
70,165.00,74.47,173.00,139.00,1.83
71,166.50,89.39,173.00,148.00,1.01
72,168.00,104.91,173.00,154.00,0.46
73,169.50,120.89,173.00,160.00,0.09
74,171.00,137.17,174.00,164.00,0.54
75,172.50,153.58,174.00,169.00,0.09
76,174.00,169.97,174.00,177.00,0.65
77,175.50,186.19,174.00,184.00,1.29
78,177.00,202.09,175.00,190.00,0.86
79,178.50,217.52,176.00,196.00,0.42
80,180.00,232.35,178.00,200.00,1.19
81,181.50,246.45,178.00,206.00,0.62
82,183.00,259.72,178.00,213.00,0.06
83,184.50,272.05,178.00,220.00,0.75
84,186.00,283.37,179.00,226.00,0.36
85,187.50,293.60,180.00,232.00,0.03
86,189.00,302.70,182.00,240.00,1.18
87,190.50,310.62,182.00,247.00,0.44
88,192.00,317.35,184.00,254.00,1.64
89,193.50,322.89,184.00,261.00,0.84
90,195.00,327.24,184.00,268.00,0.01
91,196.50,330.45,184.00,275.00,0.88
92,198.00,332.55,184.00,280.00,1.54
93,199.50,333.60,186.00,288.00,0.67
94,201.00,333.68,188.00,295.00,0.27
95,202.50,332.85,191.00,302.00,2.09
96,204.00,331.22,192.00,308.00,1.96
97,205.50,328.88,192.00,316.00,0.29
98,207.00,325.93,194.00,322.00,0.71
99,208.50,322.47,196.00,328.00,0.58
100,210.00,318.62,198.00,331.00,0.90
101,211.50,314.48,201.00,334.00,0.32
102,213.00,310.15,204.00,333.00,1.20
103,214.50,305.73,206.00,330.00,1.02
104,216.00,301.33,208.00,325.00,0.55
105,217.50,297.02,210.00,320.00,0.50
106,219.00,292.88,214.00,312.00,1.55
107,220.50,288.98,216.00,306.00,1.51
108,222.00,285.37,218.00,300.00,1.45
109,223.50,282.10,220.00,295.00,1.66
110,225.00,279.19,222.00,289.00,1.39
111,226.50,276.66,226.00,284.00,3.07
112,228.00,274.52,228.00,278.00,1.97
113,229.50,272.75,231.00,274.00,1.94
114,231.00,271.33,235.00,272.00,2.77
115,232.50,270.23,241.00,269.00,1.90
116,234.00,269.38,246.00,266.00,1.79
117,235.50,268.75,248.00,264.00,1.86
118,237.00,268.25,251.00,260.00,2.16
119,238.50,267.81,252.00,255.00,0.98
120,240.00,267.35,252.00,249.00,1.05
121,241.50,266.78,255.00,247.00,1.22
122,243.00,266.01,256.00,241.00,0.61
123,244.50,264.96,257.00,235.00,0.20
124,246.00,263.52,259.00,228.00,0.72
125,247.50,261.62,260.00,222.00,0.57
126,249.00,259.18,261.00,215.00,0.36
127,250.50,256.10,263.00,206.00,0.90
128,252.00,252.34,265.00,196.00,1.41
129,253.50,247.83,266.00,189.00,1.43
130,255.00,242.52,266.00,184.00,0.75
131,256.50,236.39,266.00,180.00,0.23
132,258.00,229.40,267.00,172.00,0.20
133,259.50,221.57,267.00,166.00,0.54
134,261.00,212.88,268.00,159.00,0.39
135,262.50,203.38,269.00,150.00,0.46
136,264.00,193.09,270.00,144.00,0.16
137,265.50,182.08,270.00,138.00,0.85
138,267.00,170.41,271.00,130.00,0.76
139,268.50,158.17,272.00,124.00,0.44
140,270.00,145.45,272.00,118.00,1.11
141,271.50,132.35,274.00,110.00,0.00
142,273.00,119.01,276.00,98.00,0.65
143,274.50,105.55,278.00,89.00,1.64
144,276.00,92.09,279.00,81.00,1.74
145,277.50,78.79,279.00,75.00,1.06
146,279.00,65.78,279.00,69.00,0.37
147,280.50,53.21,279.00,63.00,0.33
148,282.00,42.00,279.00,56.00,1.16
149,283.50,42.00,278.00,50.00,2.90
150,285.00,42.00,278.00,44.00,3.70
151,286.50,42.00,280.00,43.00,1.85
152,288.00,42.00,285.00,43.00,1.00
153,289.50,42.00,291.00,43.00,1.00
154,291.00,42.00,296.00,43.00,1.00
155,292.50,42.00,300.00,42.00,0.00
156,294.00,42.00,304.00,40.00,2.00
157,295.50,42.00,309.00,40.00,2.00
158,297.00,42.00,309.00,44.00,0.59
159,298.50,42.00,310.00,49.00,0.74
160,300.00,42.00,311.00,53.00,0.19
161,301.50,42.00,311.00,60.00,0.97
162,303.00,42.00,311.00,64.00,1.39
163,304.50,42.00,311.00,70.00,2.03
164,306.00,42.00,312.00,74.00,1.45
165,307.50,42.00,314.00,80.00,0.07
166,309.00,42.00,315.00,84.00,0.52
167,310.50,46.82,316.00,90.00,0.92
168,312.00,60.21,316.00,98.00,0.13
169,313.50,74.37,316.00,104.00,0.45
170,315.00,89.18,316.00,108.00,0.84
171,316.50,104.47,317.00,116.00,0.60
172,318.00,120.09,320.00,123.00,1.72
173,319.50,135.88,320.00,129.00,1.15
174,321.00,151.69,321.00,134.00,1.67
175,322.50,167.38,321.00,140.00,1.10
176,324.00,182.79,321.00,144.00,0.73
177,325.50,197.78,321.00,150.00,0.16
178,327.00,212.23,323.00,152.00,1.96
179,328.50,226.01,321.00,162.00,0.98
180,330.00,239.02,321.00,168.00,1.55
181,331.50,251.17,321.00,174.00,2.13
182,333.00,262.37,321.00,180.00,2.72
183,334.50,272.57,321.00,185.00,3.21
184,336.00,281.70,322.00,190.00,2.71
185,337.50,289.76,323.00,196.00,2.31
186,339.00,296.70,324.00,202.00,1.93
187,340.50,302.55,325.00,208.00,1.55
188,342.00,307.31,326.00,212.00,0.97
189,343.50,311.02,329.00,217.00,1.47
190,345.00,313.71,328.00,224.00,0.28
191,346.50,315.46,328.00,233.00,1.30
192,348.00,316.32,328.00,239.00,1.98
193,349.50,316.38,328.00,244.00,2.60
194,351.00,315.72,328.00,250.00,3.33
195,352.50,314.45,329.00,255.00,2.99
196,354.00,312.65,330.00,261.00,2.79
197,355.50,310.43,332.00,267.00,1.66
198,357.00,307.89,332.00,272.00,2.39
199,358.50,305.13,335.00,278.00,0.39
200,360.00,302.25,337.00,283.00,0.75
201,361.50,299.34,339.00,286.00,2.16
202,363.00,296.49,339.00,294.00,0.57
203,364.50,293.77,339.00,301.00,1.07
204,366.00,291.25,340.00,306.00,1.51
205,367.50,288.99,342.00,312.00,1.79
206,369.00,287.03,346.00,316.00,0.74
207,370.50,285.41,349.00,318.00,1.64
208,372.00,284.14,352.00,314.00,0.67
209,373.50,283.24,356.00,310.00,0.21
210,375.00,282.69,358.00,307.00,0.45
211,376.50,282.47,362.00,303.00,2.12
212,378.00,282.55,366.00,297.00,2.88
213,379.50,282.88,372.00,291.00,4.80
214,381.00,283.41,377.00,286.00,3.50
215,382.50,284.07,378.00,286.00,3.37
216,384.00,284.78,382.00,285.00,1.06
217,385.50,285.46,387.00,285.00,0.95
218,387.00,286.02,391.00,283.00,2.91
219,388.50,286.37,394.00,281.00,2.03
220,390.00,286.41,397.00,278.00,0.79
221,391.50,286.06,399.00,274.00,0.39
222,393.00,285.21,400.00,266.00,1.75
223,394.50,283.79,401.00,258.00,2.66
224,396.00,281.70,402.00,254.00,2.48
225,397.50,278.87,404.00,248.00,1.66
226,399.00,275.24,406.00,242.00,0.74
227,400.50,270.75,408.00,236.00,0.27
228,402.00,265.35,409.00,229.00,0.20
229,403.50,259.03,410.00,220.00,0.09
230,405.00,251.75,411.00,212.00,0.17
231,406.50,243.52,412.00,205.00,0.07
232,408.00,234.36,414.00,197.00,0.94
233,409.50,224.29,415.00,192.00,1.33
234,411.00,213.36,415.00,183.00,0.29
235,412.50,201.63,416.00,171.00,0.06
236,414.00,189.18,417.00,162.00,0.05
237,415.50,176.09,418.00,156.00,0.31
238,417.00,162.47,420.00,149.00,1.55
239,418.50,148.44,420.00,142.00,0.82
240,420.00,134.12,420.00,130.00,0.42
241,421.50,119.64,420.00,122.00,1.25
242,423.00,105.14,420.00,112.00,2.28
243,424.50,90.78,423.00,103.00,0.22
244,426.00,76.69,423.00,97.00,0.85
245,427.50,63.02,423.00,92.00,1.36
246,429.00,49.93,424.00,86.00,1.00
247,430.50,42.00,425.00,80.00,0.64
248,432.00,42.00,425.00,69.00,1.83
249,433.50,42.00,426.00,59.00,1.95
250,435.00,42.00,428.00,50.00,0.99
251,436.50,42.00,430.00,42.00,0.49
252,438.00,42.00,430.00,38.00,4.03
253,439.50,42.00,434.00,36.00,6.00
254,441.00,42.00,440.00,36.00,6.00
255,442.50,42.00,445.00,36.00,6.00
256,444.00,42.00,449.00,36.00,6.00
257,445.50,42.00,449.00,42.00,0.00
258,447.00,42.00,453.00,42.00,0.00
259,448.50,42.00,456.00,44.00,1.93
260,450.00,42.00,456.00,49.00,3.08
261,451.50,42.00,458.00,54.00,1.65
262,453.00,42.00,460.00,59.00,0.23
263,454.50,42.00,461.00,64.00,0.22
264,456.00,42.00,462.00,70.00,0.57
265,457.50,42.00,463.00,74.00,1.14
266,459.00,48.13,464.00,79.00,1.61
267,460.50,61.40,464.00,88.00,0.68
268,462.00,75.32,464.00,97.00,0.23
269,463.50,89.75,464.00,104.00,0.94
270,465.00,104.54,467.00,110.00,1.45
271,466.50,119.53,470.00,119.00,3.54
272,468.00,134.58,472.00,128.00,4.63
273,469.50,149.54,472.00,136.00,3.84
274,471.00,164.26,472.00,141.00,3.34
275,472.50,178.63,472.00,147.00,2.74
276,474.00,192.50,472.00,152.00,2.24
277,475.50,205.76,472.00,157.00,1.73
278,477.00,218.32,472.00,162.00,1.22
279,478.50,230.08,472.00,167.00,0.71
280,480.00,240.98,472.00,172.00,0.19
281,481.50,250.94,474.00,176.00,1.76
282,483.00,259.94,473.00,181.00,0.24
283,484.50,267.94,472.00,189.00,1.61
284,486.00,274.93,472.00,195.00,2.27
285,487.50,280.91,473.00,201.00,1.95
286,489.00,285.90,475.00,207.00,0.64
287,490.50,289.95,476.00,213.00,0.36
288,492.00,293.09,480.00,220.00,2.76
289,493.50,295.38,483.00,228.00,4.73
290,495.00,296.89,484.00,236.00,4.64
291,496.50,297.71,484.00,244.00,3.51
292,498.00,297.91,484.00,248.00,2.91
293,499.50,297.59,484.00,254.00,1.96
294,501.00,296.85,484.00,258.00,1.31
295,502.50,295.77,485.00,262.00,1.59
296,504.00,294.47,486.00,267.00,1.65
297,505.50,293.02,486.00,278.00,0.75
298,507.00,291.53,487.00,283.00,1.08
299,508.50,290.07,489.00,289.00,1.08
300,510.00,288.73,492.00,292.00,0.47
301,511.50,287.57,495.00,296.00,0.63
302,513.00,286.66,500.00,299.00,1.49
303,514.50,286.03,504.00,297.00,1.91
304,516.00,285.73,508.00,293.00,1.75
305,517.50,285.77,513.00,288.00,1.15
306,519.00,286.17,518.00,282.00,3.81
307,520.50,286.92,522.00,280.00,6.86
308,522.00,288.01,526.00,285.00,4.92
309,523.50,289.39,528.00,291.00,2.35
310,525.00,291.03,528.00,296.00,0.67
311,526.50,292.88,529.00,300.00,2.25
312,528.00,294.86,532.00,304.00,2.47
313,529.50,296.91,536.00,304.00,0.22
314,531.00,298.93,541.00,304.00,0.68
315,532.50,300.84,542.00,299.00,2.91
316,534.00,302.54,546.00,292.00,1.69
317,535.50,303.93,548.00,286.00,1.34
318,537.00,304.92,550.00,281.00,0.54
319,538.50,305.41,551.00,278.00,0.16
320,540.00,305.30,552.00,272.00,0.33
321,541.50,304.51,552.00,266.00,1.38
322,543.00,302.94,554.00,259.00,0.52
323,544.50,300.53,557.00,251.00,1.27
324,546.00,297.20,560.00,243.00,3.14
325,547.50,292.91,561.00,237.00,3.34
326,549.00,287.61,561.00,230.00,2.47
327,550.50,281.27,562.00,227.00,3.10
328,552.00,273.89,563.00,221.00,3.37
329,553.50,265.46,563.00,216.00,2.80
330,555.00,256.01,563.00,210.00,2.12
331,556.50,245.56,563.00,205.00,1.57
332,558.00,234.18,562.00,198.00,0.19
333,559.50,221.92,562.00,192.00,0.82
334,561.00,208.88,562.00,184.00,1.66
335,562.50,195.14,562.00,175.00,2.58
336,564.00,180.81,564.00,165.00,1.59
337,565.50,166.01,566.00,157.00,0.39
338,567.00,150.88,568.00,150.00,0.91
339,568.50,135.55,568.00,145.00,0.42
340,570.00,120.17,568.00,134.00,0.65
341,571.50,104.89,569.00,122.00,0.82
342,573.00,89.87,570.00,112.00,0.80
343,574.50,75.24,571.00,106.00,0.39
344,576.00,61.17,573.00,98.00,0.81
345,577.50,47.81,573.00,92.00,0.21
346,579.00,42.00,574.00,84.00,0.40
347,580.50,42.00,576.00,78.00,1.77
348,582.00,42.00,576.00,72.00,1.15
349,583.50,42.00,577.00,64.00,1.29
350,585.00,42.00,577.00,60.00,0.86
351,586.50,42.00,576.00,56.00,0.58
352,588.00,42.00,576.00,47.00,1.65
353,589.50,42.00,578.00,40.00,2.24
354,591.00,42.00,580.00,36.00,6.00
355,592.50,42.00,586.00,36.00,6.00
356,594.00,42.00,586.00,41.00,1.00
357,595.50,42.00,588.00,44.00,2.00
358,597.00,42.00,593.00,45.00,3.00
359,598.50,42.00,600.00,44.00,2.00
360,600.00,42.00,603.00,42.00,0.00
361,601.50,42.00,604.00,45.00,2.48
362,603.00,42.00,604.00,51.00,3.49
363,604.50,42.00,604.00,57.00,4.20
364,606.00,42.00,605.00,62.00,3.78
365,607.50,50.76,607.00,66.00,2.25
366,609.00,63.65,609.00,69.00,0.59
367,610.50,77.07,609.00,76.00,1.37
368,612.00,90.87,608.00,80.00,2.80
369,613.50,104.90,611.00,86.00,0.47
370,615.00,119.01,614.00,92.00,1.87
371,616.50,133.06,617.00,97.00,4.32
372,618.00,146.93,618.00,103.00,4.68
373,619.50,160.47,618.00,111.00,3.83
374,621.00,173.57,618.00,117.00,3.20
375,622.50,186.13,618.00,123.00,2.56
376,624.00,198.04,618.00,128.00,2.03
377,625.50,209.23,618.00,134.00,1.39
378,627.00,219.62,618.00,140.00,0.75
379,628.50,229.17,619.00,144.00,1.31
380,630.00,237.83,619.00,153.00,0.33
381,631.50,245.59,619.00,160.00,0.45
382,633.00,252.43,620.00,166.00,0.13
383,634.50,258.37,621.00,172.00,0.18
384,636.00,263.42,622.00,176.00,0.71
385,637.50,267.64,622.00,182.00,0.01
386,639.00,271.05,624.00,187.00,1.38
387,640.50,273.73,624.00,193.00,0.63
388,642.00,275.75,626.00,198.00,1.99
389,643.50,277.17,626.00,205.00,1.06
390,645.00,278.10,627.00,211.00,1.23
391,646.50,278.61,628.00,217.00,1.36
392,648.00,278.79,628.00,222.00,0.62
393,649.50,278.75,628.00,228.00,0.31
394,651.00,278.58,631.00,230.00,2.32
395,652.50,278.35,631.00,240.00,0.57
396,654.00,278.16,634.00,248.00,1.93
397,655.50,278.08,636.00,255.00,2.28
398,657.00,278.19,636.00,262.00,0.41
399,658.50,278.54,639.00,267.00,1.63
400,660.00,279.18,642.00,272.00,2.16