trial,4
timestamp,2026-03-11T20:15:41.106Z
mode,numerical

target_curve
index,target_x,target_y
0,60.00,336.46
1,61.50,331.70
2,63.00,326.48
3,64.50,320.91
4,66.00,315.10
5,67.50,309.16
6,69.00,303.19
7,70.50,297.29
8,72.00,291.54
9,73.50,286.02
10,75.00,280.79
11,76.50,275.91
12,78.00,271.41
13,79.50,267.32
14,81.00,263.66
15,82.50,260.42
16,84.00,257.59
17,85.50,255.15
18,87.00,253.04
19,88.50,251.22
20,90.00,249.64
21,91.50,248.21
22,93.00,246.86
23,94.50,245.52
24,96.00,244.09
25,97.50,242.49
26,99.00,240.63
27,100.50,238.42
28,102.00,235.79
29,103.50,232.64
30,105.00,228.93
31,106.50,224.58
32,108.00,219.54
33,109.50,213.79
34,111.00,207.29
35,112.50,200.02
36,114.00,192.01
37,115.50,183.26
38,117.00,173.80
39,118.50,163.68
40,120.00,152.97
41,121.50,141.74
42,123.00,130.09
43,124.50,118.10
44,126.00,105.89
45,127.50,93.59
46,129.00,81.32
47,130.50,69.22
48,132.00,57.42
49,133.50,46.06
50,135.00,42.00
51,136.50,42.00
52,138.00,42.00
53,139.50,42.00
54,141.00,42.00
55,142.50,42.00
56,144.00,42.00
57,145.50,42.00
58,147.00,42.00
59,148.50,42.00
60,150.00,42.00
61,151.50,42.00
62,153.00,42.00
63,154.50,42.00
64,156.00,42.00
65,157.50,42.00
66,159.00,42.00
67,160.50,42.00
68,162.00,47.02
69,163.50,60.30
70,165.00,74.47
71,166.50,89.39
72,168.00,104.91
73,169.50,120.89
74,171.00,137.17
75,172.50,153.58
76,174.00,169.97
77,175.50,186.19
78,177.00,202.09
79,178.50,217.52
80,180.00,232.35
81,181.50,246.45
82,183.00,259.72
83,184.50,272.05
84,186.00,283.37
85,187.50,293.60
86,189.00,302.70
87,190.50,310.62
88,192.00,317.35
89,193.50,322.89
90,195.00,327.24
91,196.50,330.45
92,198.00,332.55
93,199.50,333.60
94,201.00,333.68
95,202.50,332.85
96,204.00,331.22
97,205.50,328.88
98,207.00,325.93
99,208.50,322.47
100,210.00,318.62
101,211.50,314.48
102,213.00,310.15
103,214.50,305.73
104,216.00,301.33
105,217.50,297.02
106,219.00,292.88
107,220.50,288.98
108,222.00,285.37
109,223.50,282.10
110,225.00,279.19
111,226.50,276.66
112,228.00,274.52
113,229.50,272.75
114,231.00,271.33
115,232.50,270.23
116,234.00,269.38
117,235.50,268.75
118,237.00,268.25
119,238.50,267.81
120,240.00,267.35
121,241.50,266.78
122,243.00,266.01
123,244.50,264.96
124,246.00,263.52
125,247.50,261.62
126,249.00,259.18
127,250.50,256.10
128,252.00,252.34
129,253.50,247.83
130,255.00,242.52
131,256.50,236.39
132,258.00,229.40
133,259.50,221.57
134,261.00,212.88
135,262.50,203.38
136,264.00,193.09
137,265.50,182.08
138,267.00,170.41
139,268.50,158.17
140,270.00,145.45
141,271.50,132.35
142,273.00,119.01
143,274.50,105.55
144,276.00,92.09
145,277.50,78.79
146,279.00,65.78
147,280.50,53.21
148,282.00,42.00
149,283.50,42.00
150,285.00,42.00
151,286.50,42.00
152,288.00,42.00
153,289.50,42.00
154,291.00,42.00
155,292.50,42.00
156,294.00,42.00
157,295.50,42.00
158,297.00,42.00
159,298.50,42.00
160,300.00,42.00
161,301.50,42.00
162,303.00,42.00
163,304.50,42.00
164,306.00,42.00
165,307.50,42.00
166,309.00,42.00
167,310.50,46.82
168,312.00,60.21
169,313.50,74.37
170,315.00,89.18
171,316.50,104.47
172,318.00,120.09
173,319.50,135.88
174,321.00,151.69
175,322.50,167.38
176,324.00,182.79
177,325.50,197.78
178,327.00,212.23
179,328.50,226.01
180,330.00,239.02
181,331.50,251.17
182,333.00,262.37
183,334.50,272.57
184,336.00,281.70
185,337.50,289.76
186,339.00,296.70
187,340.50,302.55
188,342.00,307.31
189,343.50,311.02
190,345.00,313.71
191,346.50,315.46
192,348.00,316.32
193,349.50,316.38
194,351.00,315.72
195,352.50,314.45
196,354.00,312.65
197,355.50,310.43
198,357.00,307.89
199,358.50,305.13
200,360.00,302.25
201,361.50,299.34
202,363.00,296.49
203,364.50,293.77
204,366.00,291.25
205,367.50,288.99
206,369.00,287.03
207,370.50,285.41
208,372.00,284.14
209,373.50,283.24
210,375.00,282.69
211,376.50,282.47
212,378.00,282.55
213,379.50,282.88
214,381.00,283.41
215,382.50,284.07
216,384.00,284.78
217,385.50,285.46
218,387.00,286.02
219,388.50,286.37
220,390.00,286.41
221,391.50,286.06
222,393.00,285.21
223,394.50,283.79
224,396.00,281.70
225,397.50,278.87
226,399.00,275.24
227,400.50,270.75
228,402.00,265.35
229,403.50,259.03
230,405.00,251.75
231,406.50,243.52
232,408.00,234.36
233,409.50,224.29
234,411.00,213.36
235,412.50,201.63
236,414.00,189.18
237,415.50,176.09
238,417.00,162.47
239,418.50,148.44
240,420.00,134.12
241,421.50,119.64
242,423.00,105.14
243,424.50,90.78
244,426.00,76.69
245,427.50,63.02
246,429.00,49.93
247,430.50,42.00
248,432.00,42.00
249,433.50,42.00
250,435.00,42.00
251,436.50,42.00
252,438.00,42.00
253,439.50,42.00
254,441.00,42.00
255,442.50,42.00
256,444.00,42.00
257,445.50,42.00
258,447.00,42.00
259,448.50,42.00
260,450.00,42.00
261,451.50,42.00
262,453.00,42.00
263,454.50,42.00
264,456.00,42.00
265,457.50,42.00
266,459.00,48.13
267,460.50,61.40
268,462.00,75.32
269,463.50,89.75
270,465.00,104.54
271,466.50,119.53
272,468.00,134.58
273,469.50,149.54
274,471.00,164.26
275,472.50,178.63
276,474.00,192.50
277,475.50,205.76
278,477.00,218.32
279,478.50,230.08
280,480.00,240.98
281,481.50,250.94
282,483.00,259.94
283,484.50,267.94
284,486.00,274.93
285,487.50,280.91
286,489.00,285.90
287,490.50,289.95
288,492.00,293.09
289,493.50,295.38
290,495.00,296.89
291,496.50,297.71
292,498.00,297.91
293,499.50,297.59
294,501.00,296.85
295,502.50,295.77
296,504.00,294.47
297,505.50,293.02
298,507.00,291.53
299,508.50,290.07
300,510.00,288.73
301,511.50,287.57
302,513.00,286.66
303,514.50,286.03
304,516.00,285.73
305,517.50,285.77
306,519.00,286.17
307,520.50,286.92
308,522.00,288.01
309,523.50,289.39
310,525.00,291.03
311,526.50,292.88
312,528.00,294.86
313,529.50,296.91
314,531.00,298.93
315,532.50,300.84
316,534.00,302.54
317,535.50,303.93
318,537.00,304.92
319,538.50,305.41
320,540.00,305.30
321,541.50,304.51
322,543.00,302.94
323,544.50,300.53
324,546.00,297.20
325,547.50,292.91
326,549.00,287.61
327,550.50,281.27
328,552.00,273.89
329,553.50,265.46
330,555.00,256.01
331,556.50,245.56
332,558.00,234.18
333,559.50,221.92
334,561.00,208.88
335,562.50,195.14
336,564.00,180.81
337,565.50,166.01
338,567.00,150.88
339,568.50,135.55
340,570.00,120.17
341,571.50,104.89
342,573.00,89.87
343,574.50,75.24
344,576.00,61.17
345,577.50,47.81
346,579.00,42.00
347,580.50,42.00
348,582.00,42.00
349,583.50,42.00
350,585.00,42.00
351,586.50,42.00
352,588.00,42.00
353,589.50,42.00
354,591.00,42.00
355,592.50,42.00
356,594.00,42.00
357,595.50,42.00
358,597.00,42.00
359,598.50,42.00
360,600.00,42.00
361,601.50,42.00
362,603.00,42.00
363,604.50,42.00
364,606.00,42.00
365,607.50,50.76
366,609.00,63.65
367,610.50,77.07
368,612.00,90.87
369,613.50,104.90
370,615.00,119.01
371,616.50,133.06
372,618.00,146.93
373,619.50,160.47
374,621.00,173.57
375,622.50,186.13
376,624.00,198.04
377,625.50,209.23
378,627.00,219.62
379,628.50,229.17
380,630.00,237.83
381,631.50,245.59
382,633.00,252.43
383,634.50,258.37
384,636.00,263.42
385,637.50,267.64
386,639.00,271.05
387,640.50,273.73
388,642.00,275.75
389,643.50,277.17
390,645.00,278.10
391,646.50,278.61
392,648.00,278.79
393,649.50,278.75
394,651.00,278.58
395,652.50,278.35
396,654.00,278.16
397,655.50,278.08
398,657.00,278.19
399,658.50,278.54
400,660.00,279.18

user_path
index,user_x,user_y
0,57.89,332.72
1,58.89,332.72
2,59.89,331.72
3,59.89,330.72
4,60.89,329.72
5,61.89,329.72
6,61.89,328.72
7,62.89,326.72
8,62.89,326.72
9,62.89,324.72
10,62.89,323.72
11,62.89,322.72
12,62.89,321.72
13,62.89,320.72
14,62.89,319.72
15,62.89,317.72
16,62.89,315.72
17,62.89,314.72
18,63.89,314.72
19,63.89,313.72
20,64.89,312.72
21,65.89,312.72
22,65.89,311.72
23,65.89,310.72
24,66.89,309.72
25,66.89,308.72
26,66.89,306.72
27,66.89,306.72
28,66.89,304.72
29,66.89,303.72
30,66.89,302.72
31,66.89,301.72
32,66.89,300.72
33,66.89,299.72
34,66.89,297.72
35,66.89,297.72
36,67.89,297.72
37,67.89,295.72
38,67.89,294.72
39,67.89,293.72
40,67.89,292.72
41,68.89,291.72
42,68.89,290.72
43,68.89,289.72
44,68.89,288.72
45,69.89,288.72
46,70.89,286.72
47,70.89,286.72
48,70.89,284.72
49,70.89,283.72
50,71.89,283.72
51,72.89,282.72
52,72.89,281.72
53,72.89,280.72
54,73.89,279.72
55,73.89,278.72
56,73.89,277.72
57,73.89,277.72
58,73.89,275.72
59,74.89,275.72
60,74.89,274.72
61,75.89,272.72
62,76.89,271.72
63,76.89,270.72
64,76.89,270.72
65,76.89,269.72
66,76.89,268.72
67,76.89,266.72
68,76.89,266.72
69,76.89,264.72
70,76.89,263.72
71,77.89,262.72
72,78.89,262.72
73,78.89,261.72
74,79.89,261.72
75,79.89,260.72
76,79.89,259.72
77,80.89,258.72
78,80.89,257.72
79,80.89,257.72
80,81.89,256.72
81,81.89,255.72
82,81.89,254.72
83,81.89,253.72
84,82.89,252.72
85,82.89,252.72
86,83.89,251.72
87,85.89,251.72
88,85.89,250.72
89,85.89,249.72
90,85.89,248.72
91,86.89,246.72
92,87.89,246.72
93,88.89,246.72
94,88.89,244.72
95,89.89,244.72
96,89.89,243.72
97,90.89,243.72
98,90.89,242.72
99,91.89,242.72
100,91.89,241.72
101,92.89,240.72
102,93.89,240.72
103,93.89,240.72
104,94.89,240.72
105,96.89,240.72
106,96.89,240.72
107,98.89,240.72
108,99.89,240.72
109,101.89,240.72
110,102.89,240.72
111,102.89,239.72
112,102.89,237.72
113,102.89,237.72
114,102.89,236.72
115,102.89,235.72
116,102.89,234.72
117,102.89,233.72
118,102.89,232.72
119,102.89,231.72
120,102.89,230.72
121,102.89,229.72
122,102.89,228.72
123,102.89,226.72
124,102.89,226.72
125,102.89,224.72
126,102.89,224.72
127,102.89,223.72
128,102.89,222.72
129,102.89,221.72
130,103.89,219.72
131,105.89,218.72
132,105.89,217.72
133,105.89,217.72
134,106.89,217.72
135,107.89,216.72
136,107.89,215.72
137,107.89,214.72
138,108.89,214.72
139,109.89,214.72
140,110.89,214.72
141,110.89,213.72
142,110.89,212.72
143,110.89,211.72
144,110.89,210.72
145,110.89,209.72
146,110.89,208.72
147,110.89,206.72
148,110.89,206.72
149,110.89,204.72
150,110.89,203.72
151,110.89,202.72
152,110.89,201.72
153,110.89,200.72
154,110.89,199.72
155,110.89,197.72
156,110.89,197.72
157,111.89,195.72
158,112.89,194.72
159,113.89,193.72
160,113.89,192.72
161,114.89,191.72
162,114.89,190.72
163,115.89,189.72
164,115.89,188.72
165,115.89,186.72
166,115.89,186.72
167,115.89,184.72
168,115.89,183.72
169,115.89,182.72
170,115.89,181.72
171,115.89,180.72
172,115.89,179.72
173,115.89,177.72
174,115.89,177.72
175,115.89,175.72
176,115.89,174.72
177,115.89,173.72
178,115.89,172.72
179,115.89,171.72
180,115.89,170.72
181,115.89,169.72
182,116.89,169.72
183,116.89,168.72
184,116.89,168.72
185,118.89,167.72
186,118.89,166.72
187,118.89,166.72
188,119.89,166.72
189,119.89,164.72
190,119.89,163.72
191,120.89,163.72
192,121.89,163.72
193,121.89,162.72
194,121.89,161.72
195,121.89,160.72
196,121.89,159.72
197,121.89,157.72
198,121.89,157.72
199,121.89,155.72
200,121.89,154.72
201,120.89,154.72
202,120.89,153.72
203,120.89,152.72
204,120.89,151.72
205,119.89,151.72
206,119.89,150.72
207,119.89,149.72
208,119.89,148.72
209,119.89,146.72
210,119.89,144.72
211,119.89,143.72
212,119.89,142.72
213,119.89,141.72
214,119.89,140.72
215,119.89,139.72
216,119.89,137.72
217,119.89,137.72
218,119.89,135.72
219,119.89,134.72
220,119.89,133.72
221,119.89,132.72
222,119.89,131.72
223,119.89,130.72
224,119.89,129.72
225,119.89,128.72
226,120.89,128.72
227,121.89,127.72
228,121.89,126.72
229,122.89,126.72
230,122.89,126.72
231,122.89,124.72
232,122.89,123.72
233,122.89,122.72
234,122.89,121.72
235,122.89,120.72
236,122.89,119.72
237,122.89,117.72
238,122.89,117.72
239,122.89,115.72
240,123.89,115.72
241,123.89,114.72
242,124.89,113.72
243,124.89,112.72
244,124.89,111.72
245,125.89,111.72
246,125.89,110.72
247,125.89,109.72
248,125.89,108.72
249,125.89,106.72
250,125.89,106.72
251,125.89,104.72
252,125.89,103.72
253,125.89,102.72
254,125.89,101.72
255,125.89,100.72
256,125.89,100.72
257,125.89,99.72
258,125.89,97.72
259,125.89,97.72
260,127.89,95.72
261,127.89,94.72
262,128.89,94.72
263,128.89,93.72
264,128.89,92.72
265,128.89,91.72
266,128.89,90.72
267,128.89,89.72
268,128.89,88.72
269,128.89,86.72
270,128.89,86.72
271,129.89,86.72
272,129.89,84.72
273,129.89,83.72
274,130.89,81.72
275,130.89,80.72
276,130.89,79.72
277,130.89,77.72
278,130.89,77.72
279,130.89,75.72
280,130.89,74.72
281,130.89,72.72
282,130.89,71.72
283,130.89,70.72
284,130.89,68.72
285,130.89,66.72
286,130.89,66.72
287,130.89,64.72
288,130.89,63.72
289,130.89,62.72
290,130.89,61.72
291,130.89,60.72
292,130.89,59.72
293,130.89,57.72
294,130.89,57.72
295,130.89,55.72
296,130.89,54.72
297,130.89,53.72
298,130.89,52.72
299,130.89,51.72
300,130.89,50.72
301,130.89,49.72
302,130.89,48.72
303,130.89,46.72
304,130.89,46.72
305,130.89,44.72
306,130.89,43.72
307,130.89,42.72
308,131.89,41.72
309,132.89,41.72
310,133.89,40.72
311,133.89,39.72
312,133.89,37.72
313,134.89,37.72
314,136.89,37.72
315,139.89,39.72
316,139.89,40.72
317,141.89,40.72
318,142.89,41.72
319,143.89,41.72
320,144.89,42.72
321,145.89,42.72
322,145.89,42.72
323,147.89,42.72
324,148.89,42.72
325,149.89,42.72
326,150.89,42.72
327,151.89,42.72
328,152.89,42.72
329,153.89,42.72
330,154.89,42.72
331,156.89,42.72
332,156.89,41.72
333,156.89,41.72
334,158.89,41.72
335,159.89,41.72
336,159.89,42.72
337,159.89,43.72
338,159.89,44.72
339,159.89,45.72
340,159.89,46.72
341,159.89,47.72
342,159.89,49.72
343,159.89,49.72
344,159.89,51.72
345,159.89,52.72
346,160.89,52.72
347,160.89,53.72
348,161.89,54.72
349,161.89,55.72
350,162.89,56.72
351,162.89,57.72
352,162.89,58.72
353,162.89,60.72
354,162.89,60.72
355,162.89,62.72
356,162.89,63.72
357,162.89,64.72
358,162.89,65.72
359,162.89,66.72
360,162.89,67.72
361,162.89,69.72
362,162.89,69.72
363,162.89,71.72
364,162.89,72.72
365,162.89,72.72
366,163.89,72.72
367,164.89,73.72
368,164.89,74.72
369,165.89,74.72
370,165.89,75.72
371,165.89,76.72
372,165.89,77.72
373,165.89,78.72
374,165.89,80.72
375,165.89,80.72
376,165.89,82.72
377,165.89,83.72
378,165.89,84.72
379,165.89,85.72
380,165.89,86.72
381,165.89,87.72
382,165.89,89.72
383,165.89,89.72
384,165.89,89.72
385,165.89,91.72
386,166.89,92.72
387,166.89,93.72
388,166.89,94.72
389,167.89,95.72
390,167.89,96.72
391,167.89,97.72
392,167.89,98.72
393,167.89,100.72
394,167.89,100.72
395,167.89,102.72
396,167.89,103.72
397,167.89,105.72
398,167.89,106.72
399,167.89,107.72
400,167.89,109.72
401,167.89,109.72
402,167.89,111.72
403,167.89,112.72
404,167.89,113.72
405,167.89,114.72
406,167.89,115.72
407,167.89,116.72
408,167.89,117.72
409,167.89,118.72
410,168.89,119.72
411,168.89,120.72
412,168.89,120.72
413,169.89,120.72
414,169.89,122.72
415,170.89,122.72
416,170.89,123.72
417,170.89,124.72
418,170.89,125.72
419,170.89,126.72
420,170.89,127.72
421,170.89,129.72
422,170.89,131.72
423,170.89,132.72
424,170.89,133.72
425,170.89,134.72
426,170.89,136.72
427,170.89,137.72
428,170.89,138.72
429,170.89,140.72
430,170.89,143.72
431,170.89,144.72
432,170.89,145.72
433,170.89,146.72
434,170.89,147.72
435,170.89,149.72
436,170.89,149.72
437,170.89,151.72
438,170.89,152.72
439,170.89,153.72
440,170.89,154.72
441,170.89,155.72
442,170.89,156.72
443,170.89,157.72
444,171.89,157.72
445,171.89,158.72
446,172.89,160.72
447,172.89,160.72
448,172.89,162.72
449,172.89,163.72
450,173.89,164.72
451,173.89,165.72
452,173.89,166.72
453,173.89,167.72
454,173.89,169.72
455,173.89,169.72
456,173.89,171.72
457,173.89,172.72
458,173.89,173.72
459,173.89,174.72
460,173.89,175.72
461,173.89,176.72
462,173.89,177.72
463,173.89,178.72
464,173.89,180.72
465,173.89,180.72
466,173.89,182.72
467,173.89,183.72
468,173.89,183.72
469,173.89,184.72
470,173.89,185.72
471,174.89,186.72
472,174.89,186.72
473,175.89,187.72
474,176.89,188.72
475,176.89,189.72
476,176.89,189.72
477,176.89,191.72
478,176.89,192.72
479,176.89,193.72
480,176.89,194.72
481,176.89,195.72
482,176.89,196.72
483,176.89,197.72
484,176.89,198.72
485,176.89,200.72
486,176.89,200.72
487,176.89,202.72
488,176.89,203.72
489,176.89,204.72
490,176.89,205.72
491,176.89,206.72
492,176.89,207.72
493,176.89,209.72
494,176.89,209.72
495,176.89,211.72
496,176.89,212.72
497,176.89,213.72
498,176.89,214.72
499,176.89,215.72
500,176.89,215.72
501,176.89,216.72
502,176.89,217.72
503,176.89,218.72
504,176.89,220.72
505,177.89,220.72
506,177.89,222.72
507,177.89,223.72
508,178.89,223.72
509,178.89,224.72
510,178.89,225.72
511,178.89,226.72
512,178.89,227.72
513,178.89,229.72
514,178.89,229.72
515,178.89,231.72
516,178.89,232.72
517,178.89,233.72
518,179.89,234.72
519,179.89,235.72
520,179.89,236.72
521,180.89,237.72
522,180.89,237.72
523,180.89,238.72
524,181.89,239.72
525,181.89,240.72
526,181.89,240.72
527,181.89,242.72
528,181.89,243.72
529,182.89,244.72
530,182.89,245.72
531,182.89,246.72
532,182.89,247.72
533,182.89,249.72
534,182.89,249.72
535,182.89,251.72
536,182.89,252.72
537,182.89,253.72
538,182.89,254.72
539,182.89,255.72
540,182.89,256.72
541,182.89,257.72
542,182.89,258.72
543,182.89,260.72
544,182.89,260.72
545,182.89,262.72
546,182.89,263.72
547,182.89,264.72
548,182.89,265.72
549,182.89,266.72
550,182.89,267.72
551,182.89,269.72
552,182.89,269.72
553,183.89,269.72
554,183.89,271.72
555,184.89,272.72
556,185.89,272.72
557,185.89,273.72
558,186.89,274.72
559,186.89,275.72
560,186.89,276.72
561,186.89,277.72
562,186.89,278.72
563,186.89,280.72
564,186.89,280.72
565,186.89,282.72
566,186.89,283.72
567,186.89,284.72
568,186.89,285.72
569,186.89,287.72
570,186.89,289.72
571,186.89,289.72
572,186.89,292.72
573,186.89,293.72
574,186.89,294.72
575,186.89,295.72
576,186.89,296.72
577,186.89,297.72
578,186.89,298.72
579,186.89,300.72
580,186.89,300.72
581,186.89,302.72
582,186.89,303.72
583,186.89,304.72
584,186.89,305.72
585,186.89,306.72
586,186.89,307.72
587,187.89,308.72
588,187.89,309.72
589,187.89,309.72
590,188.89,309.72
591,188.89,311.72
592,188.89,312.72
593,188.89,313.72
594,189.89,313.72
595,189.89,314.72
596,190.89,314.72
597,190.89,315.72
598,190.89,316.72
599,190.89,317.72
600,191.89,317.72
601,191.89,318.72
602,192.89,319.72
603,193.89,320.72
604,193.89,320.72
605,193.89,322.72
606,194.89,322.72
607,194.89,323.72
608,194.89,324.72
609,194.89,325.72
610,194.89,326.72
611,194.89,327.72
612,195.89,329.72
613,195.89,329.72
614,196.89,329.72
615,196.89,331.72
616,197.89,332.72
617,198.89,332.72
618,198.89,333.72
619,198.89,334.72
620,199.89,334.72
621,200.89,334.72
622,201.89,334.72
623,201.89,333.72
624,202.89,333.72
625,202.89,332.72
626,203.89,332.72
627,203.89,331.72
628,203.89,330.72
629,203.89,329.72
630,203.89,328.72
631,203.89,326.72
632,204.89,326.72
633,205.89,324.72
634,205.89,323.72
635,205.89,323.72
636,207.89,323.72
637,208.89,323.72
638,208.89,322.72
639,208.89,321.72
640,208.89,320.72
641,208.89,319.72
642,208.89,317.72
643,208.89,317.72
644,208.89,315.72
645,208.89,314.72
646,209.89,314.72
647,209.89,313.72
648,210.89,313.72
649,210.89,312.72
650,210.89,311.72
651,211.89,311.72
652,211.89,310.72
653,211.89,309.72
654,211.89,308.72
655,211.89,306.72
656,212.89,306.72
657,213.89,304.72
658,213.89,304.72
659,213.89,303.72
660,214.89,303.72
661,215.89,302.72
662,215.89,301.72
663,215.89,300.72
664,215.89,299.72
665,216.89,298.72
666,216.89,297.72
667,216.89,297.72
668,216.89,295.72
669,216.89,295.72
670,216.89,294.72
671,216.89,293.72
672,217.89,292.72
673,217.89,291.72
674,218.89,291.72
675,218.89,290.72
676,219.89,290.72
677,220.89,289.72
678,220.89,289.72
679,220.89,288.72
680,221.89,287.72
681,221.89,286.72
682,221.89,286.72
683,222.89,284.72
684,222.89,284.72
685,222.89,283.72
686,223.89,283.72
687,223.89,282.72
688,223.89,281.72
689,225.89,280.72
690,225.89,280.72
691,225.89,279.72
692,225.89,277.72
693,225.89,277.72
694,227.89,275.72
695,228.89,274.72
696,228.89,272.72
697,229.89,271.72
698,229.89,270.72
699,230.89,269.72
700,230.89,269.72
701,231.89,268.72
702,231.89,266.72
703,231.89,266.72
704,232.89,266.72
705,233.89,266.72
706,234.89,266.72
707,235.89,264.72
708,236.89,263.72
709,236.89,263.72
710,238.89,263.72
711,238.89,262.72
712,238.89,261.72
713,239.89,261.72
714,240.89,261.72
715,241.89,261.72
716,242.89,260.72
717,242.89,259.72
718,243.89,259.72
719,245.89,258.72
720,245.89,258.72
721,246.89,257.72
722,247.89,257.72
723,247.89,257.72
724,248.89,256.72
725,248.89,255.72
726,249.89,255.72
727,249.89,254.72
728,250.89,254.72
729,250.89,253.72
730,251.89,253.72
731,251.89,252.72
732,252.89,252.72
733,252.89,251.72
734,252.89,250.72
735,253.89,249.72
736,253.89,248.72
737,253.89,246.72
738,253.89,246.72
739,253.89,245.72
740,253.89,244.72
741,253.89,243.72
742,253.89,242.72
743,254.89,241.72
744,255.89,240.72
745,255.89,239.72
746,255.89,237.72
747,255.89,237.72
748,255.89,235.72
749,255.89,234.72
750,255.89,233.72
751,255.89,232.72
752,256.89,232.72
753,256.89,231.72
754,256.89,230.72
755,256.89,229.72
756,256.89,229.72
757,256.89,228.72
758,256.89,226.72
759,256.89,226.72
760,256.89,224.72
761,256.89,223.72
762,257.89,222.72
763,257.89,221.72
764,257.89,220.72
765,257.89,219.72
766,258.89,218.72
767,258.89,217.72
768,259.89,217.72
769,259.89,217.72
770,259.89,215.72
771,259.89,214.72
772,259.89,213.72
773,259.89,212.72
774,259.89,211.72
775,259.89,210.72
776,260.89,209.72
777,260.89,208.72
778,261.89,207.72
779,261.89,206.72
780,262.89,206.72
781,262.89,204.72
782,262.89,203.72
783,263.89,202.72
784,263.89,201.72
785,263.89,200.72
786,263.89,199.72
787,263.89,197.72
788,263.89,197.72
789,263.89,195.72
790,263.89,194.72
791,264.89,192.72
792,264.89,191.72
793,264.89,190.72
794,264.89,189.72
795,265.89,189.72
796,265.89,188.72
797,265.89,186.72
798,265.89,186.72
799,265.89,184.72
800,265.89,183.72
801,265.89,182.72
802,265.89,181.72
803,265.89,180.72
804,265.89,179.72
805,265.89,177.72
806,265.89,177.72
807,265.89,175.72
808,265.89,174.72
809,265.89,173.72
810,265.89,172.72
811,265.89,171.72
812,265.89,170.72
813,265.89,169.72
814,265.89,168.72
815,265.89,166.72
816,265.89,166.72
817,266.89,164.72
818,266.89,163.72
819,266.89,162.72
820,266.89,161.72
821,266.89,160.72
822,266.89,159.72
823,266.89,157.72
824,266.89,157.72
825,266.89,155.72
826,266.89,154.72
827,266.89,153.72
828,267.89,153.72
829,267.89,152.72
830,267.89,151.72
831,268.89,151.72
832,268.89,150.72
833,268.89,149.72
834,268.89,148.72
835,269.89,146.72
836,269.89,146.72
837,269.89,144.72
838,269.89,143.72
839,269.89,142.72
840,269.89,141.72
841,269.89,140.72
842,269.89,139.72
843,269.89,137.72
844,269.89,137.72
845,269.89,135.72
846,269.89,134.72
847,269.89,133.72
848,269.89,132.72
849,269.89,131.72
850,269.89,130.72
851,269.89,129.72
852,269.89,128.72
853,270.89,128.72
854,270.89,126.72
855,270.89,126.72
856,271.89,125.72
857,271.89,124.72
858,271.89,123.72
859,272.89,122.72
860,272.89,121.72
861,273.89,120.72
862,273.89,119.72
863,273.89,117.72
864,273.89,117.72
865,273.89,115.72
866,273.89,114.72
867,273.89,113.72
868,273.89,112.72
869,273.89,111.72
870,273.89,110.72
871,273.89,109.72
872,273.89,108.72
873,273.89,106.72
874,273.89,106.72
875,273.89,104.72
876,273.89,103.72
877,274.89,103.72
878,274.89,102.72
879,274.89,101.72
880,274.89,100.72
881,274.89,99.72
882,274.89,97.72
883,274.89,97.72
884,274.89,95.72
885,275.89,94.72
886,275.89,93.72
887,275.89,92.72
888,276.89,91.72
889,276.89,90.72
890,276.89,89.72
891,276.89,88.72
892,276.89,86.72
893,276.89,86.72
894,276.89,84.72
895,276.89,83.72
896,276.89,82.72
897,276.89,81.72
898,276.89,80.72
899,276.89,79.72
900,276.89,77.72
901,276.89,77.72
902,276.89,75.72
903,276.89,74.72
904,276.89,73.72
905,276.89,72.72
906,276.89,71.72
907,276.89,70.72
908,276.89,69.72
909,276.89,68.72
910,276.89,66.72
911,276.89,66.72
912,277.89,64.72
913,277.89,63.72
914,277.89,62.72
915,277.89,61.72
916,277.89,60.72
917,277.89,59.72
918,278.89,59.72
919,278.89,57.72
920,278.89,57.72
921,279.89,57.72
922,280.89,56.72
923,280.89,55.72
924,280.89,54.72
925,281.89,53.72
926,281.89,52.72
927,282.89,50.72
928,282.89,49.72
929,284.89,46.72
930,284.89,44.72
931,284.89,43.72
932,285.89,43.72
933,285.89,43.72
934,287.89,43.72
935,288.89,43.72
936,289.89,43.72
937,290.89,43.72
938,291.89,43.72
939,292.89,43.72
940,293.89,43.72
941,294.89,43.72
942,296.89,43.72
943,296.89,43.72
944,298.89,43.72
945,299.89,43.72
946,300.89,43.72
947,301.89,43.72
948,302.89,43.72
949,303.89,43.72
950,305.89,43.72
951,305.89,43.72
952,307.89,43.72
953,308.89,43.72
954,308.89,44.72
955,308.89,45.72
956,308.89,46.72
957,308.89,49.72
958,308.89,49.72
959,308.89,51.72
960,308.89,52.72
961,308.89,53.72
962,308.89,54.72
963,308.89,55.72
964,308.89,56.72
965,308.89,57.72
966,309.89,58.72
967,309.89,60.72
968,309.89,60.72
969,309.89,62.72
970,309.89,63.72
971,310.89,63.72
972,310.89,64.72
973,310.89,65.72
974,310.89,66.72
975,310.89,67.72
976,310.89,69.72
977,311.89,69.72
978,311.89,69.72
979,311.89,71.72
980,311.89,72.72
981,312.89,72.72
982,312.89,73.72
983,312.89,74.72
984,312.89,75.72
985,312.89,76.72
986,312.89,77.72
987,312.89,78.72
988,313.89,80.72
989,313.89,80.72
990,313.89,80.72
991,313.89,82.72
992,313.89,83.72
993,314.89,83.72
994,314.89,84.72
995,314.89,85.72
996,315.89,86.72
997,315.89,87.72
998,315.89,89.72
999,315.89,89.72
1000,315.89,91.72
1001,315.89,92.72
1002,315.89,93.72
1003,315.89,94.72
1004,315.89,95.72
1005,315.89,96.72
1006,315.89,97.72
1007,315.89,98.72
1008,315.89,100.72
1009,315.89,100.72
1010,315.89,102.72
1011,315.89,103.72
1012,315.89,104.72
1013,315.89,105.72
1014,316.89,105.72
1015,316.89,106.72
1016,316.89,106.72
1017,316.89,106.72
1018,316.89,107.72
1019,316.89,109.72
1020,316.89,109.72
1021,318.89,111.72
1022,319.89,112.72
1023,319.89,113.72
1024,319.89,114.72
1025,319.89,115.72
1026,319.89,116.72
1027,319.89,117.72
1028,319.89,118.72
1029,319.89,120.72
1030,319.89,120.72
1031,319.89,122.72
1032,319.89,123.72
1033,319.89,124.72
1034,319.89,125.72
1035,319.89,126.72
1036,319.89,127.72
1037,319.89,129.72
1038,319.89,129.72
1039,319.89,131.72
1040,319.89,132.72
1041,319.89,133.72
1042,319.89,134.72
1043,319.89,135.72
1044,319.89,136.72
1045,319.89,137.72
1046,319.89,138.72
1047,319.89,140.72
1048,319.89,140.72
1049,319.89,142.72
1050,319.89,143.72
1051,319.89,144.72
1052,319.89,145.72
1053,319.89,146.72
1054,319.89,147.72
1055,319.89,149.72
1056,319.89,149.72
1057,319.89,151.72
1058,319.89,152.72
1059,319.89,153.72
1060,319.89,154.72
1061,320.89,154.72
1062,320.89,155.72
1063,320.89,156.72
1064,321.89,157.72
1065,321.89,157.72
1066,322.89,158.72
1067,322.89,160.72
1068,322.89,160.72
1069,322.89,162.72
1070,322.89,163.72
1071,322.89,163.72
1072,322.89,164.72
1073,322.89,165.72
1074,323.89,165.72
1075,323.89,166.72
1076,323.89,167.72
1077,324.89,169.72
1078,324.89,169.72
1079,324.89,171.72
1080,324.89,172.72
1081,325.89,172.72
1082,325.89,174.72
1083,325.89,174.72
1084,325.89,175.72
1085,325.89,176.72
1086,326.89,177.72
1087,326.89,178.72
1088,326.89,180.72
1089,326.89,180.72
1090,326.89,182.72
1091,326.89,183.72
1092,326.89,184.72
1093,326.89,185.72
1094,326.89,186.72
1095,326.89,187.72
1096,326.89,189.72
1097,326.89,189.72
1098,326.89,191.72
1099,326.89,192.72
1100,326.89,193.72
1101,326.89,194.72
1102,326.89,195.72
1103,326.89,196.72
1104,326.89,197.72
1105,326.89,198.72
1106,326.89,200.72
1107,326.89,200.72
1108,326.89,202.72
1109,326.89,203.72
1110,326.89,204.72
1111,326.89,205.72
1112,326.89,206.72
1113,326.89,207.72
1114,325.89,206.72
1115,325.89,206.72
1116,325.89,207.72
1117,325.89,209.72
1118,325.89,211.72
1119,325.89,212.72
1120,326.89,214.72
1121,326.89,215.72
1122,326.89,216.72
1123,326.89,217.72
1124,326.89,218.72
1125,327.89,220.72
1126,327.89,220.72
1127,327.89,222.72
1128,327.89,223.72
1129,328.89,223.72
1130,328.89,224.72
1131,328.89,225.72
1132,328.89,226.72
1133,328.89,227.72
1134,328.89,229.72
1135,328.89,229.72
1136,329.89,230.72
1137,329.89,231.72
1138,329.89,232.72
1139,329.89,233.72
1140,329.89,234.72
1141,330.89,234.72
1142,330.89,235.72
1143,330.89,236.72
1144,330.89,237.72
1145,330.89,238.72
1146,330.89,240.72
1147,330.89,240.72
1148,331.89,241.72
1149,331.89,242.72
1150,331.89,243.72
1151,331.89,244.72
1152,331.89,245.72
1153,332.89,246.72
1154,332.89,246.72
1155,332.89,247.72
1156,332.89,249.72
1157,332.89,251.72
1158,332.89,252.72
1159,332.89,253.72
1160,332.89,254.72
1161,332.89,255.72
1162,332.89,256.72
1163,332.89,257.72
1164,332.89,258.72
1165,332.89,260.72
1166,332.89,260.72
1167,332.89,262.72
1168,332.89,263.72
1169,332.89,264.72
1170,332.89,265.72
1171,332.89,266.72
1172,332.89,267.72
1173,332.89,269.72
1174,332.89,269.72
1175,332.89,271.72
1176,332.89,272.72
1177,332.89,273.72
1178,332.89,274.72
1179,332.89,275.72
1180,332.89,276.72
1181,332.89,277.72
1182,332.89,278.72
1183,333.89,280.72
1184,333.89,280.72
1185,333.89,280.72
1186,334.89,281.72
1187,335.89,282.72
1188,336.89,282.72
1189,336.89,283.72
1190,336.89,283.72
1191,336.89,284.72
1192,336.89,285.72
1193,337.89,286.72
1194,337.89,287.72
1195,338.89,287.72
1196,338.89,289.72
1197,339.89,289.72
1198,339.89,291.72
1199,339.89,292.72
1200,339.89,293.72
1201,339.89,294.72
1202,340.89,294.72
1203,340.89,295.72
1204,340.89,296.72
1205,341.89,297.72
1206,341.89,297.72
1207,341.89,298.72
1208,341.89,300.72
1209,341.89,300.72
1210,341.89,302.72
1211,341.89,303.72
1212,341.89,304.72
1213,341.89,305.72
1214,341.89,306.72
1215,342.89,307.72
1216,342.89,308.72
1217,342.89,309.72
1218,343.89,309.72
1219,343.89,309.72
1220,344.89,311.72
1221,345.89,311.72
1222,345.89,311.72
1223,347.89,311.72
1224,348.89,311.72
1225,349.89,311.72
1226,350.89,311.72
1227,351.89,311.72
1228,352.89,311.72
1229,353.89,311.72
1230,354.89,311.72
1231,355.89,310.72
1232,355.89,309.72
1233,356.89,309.72
1234,356.89,308.72
1235,356.89,306.72
1236,356.89,306.72
1237,356.89,306.72
1238,358.89,305.72
1239,358.89,304.72
1240,358.89,303.72
1241,359.89,303.72
1242,359.89,302.72
1243,359.89,301.72
1244,360.89,300.72
1245,361.89,300.72
1246,361.89,300.72
1247,361.89,299.72
1248,362.89,297.72
1249,362.89,297.72
1250,362.89,297.72
1251,362.89,295.72
1252,362.89,294.72
1253,363.89,294.72
1254,364.89,293.72
1255,364.89,292.72
1256,365.89,292.72
1257,365.89,292.72
1258,365.89,291.72
1259,365.89,290.72
1260,367.89,289.72
1261,367.89,289.72
1262,367.89,288.72
1263,368.89,288.72
1264,368.89,286.72
1265,368.89,286.72
1266,369.89,285.72
1267,370.89,285.72
1268,371.89,285.72
1269,372.89,285.72
1270,373.89,285.72
1271,373.89,284.72
1272,374.89,284.72
1273,374.89,283.72
1274,376.89,283.72
1275,376.89,282.72
1276,377.89,282.72
1277,379.89,282.72
1278,380.89,282.72
1279,381.89,282.72
1280,382.89,282.72
1281,383.89,282.72
1282,385.89,282.72
1283,385.89,282.72
1284,387.89,282.72
1285,388.89,282.72
1286,389.89,282.72
1287,390.89,282.72
1288,391.89,282.72
1289,392.89,282.72
1290,393.89,282.72
1291,393.89,281.72
1292,393.89,280.72
1293,393.89,279.72
1294,393.89,277.72
1295,393.89,277.72
1296,394.89,277.72
1297,396.89,277.72
1298,396.89,276.72
1299,396.89,275.72
1300,397.89,274.72
1301,397.89,273.72
1302,397.89,272.72
1303,398.89,272.72
1304,398.89,271.72
1305,398.89,270.72
1306,398.89,269.72
1307,398.89,268.72
1308,398.89,266.72
1309,399.89,266.72
1310,399.89,264.72
1311,399.89,263.72
1312,399.89,262.72
1313,400.89,262.72
1314,401.89,261.72
1315,402.89,260.72
1316,402.89,259.72
1317,402.89,257.72
1318,402.89,257.72
1319,402.89,257.72
1320,402.89,255.72
1321,403.89,255.72
1322,404.89,254.72
1323,404.89,253.72
1324,404.89,252.72
1325,405.89,252.72
1326,405.89,251.72
1327,405.89,250.72
1328,405.89,249.72
1329,405.89,248.72
1330,406.89,246.72
1331,406.89,246.72
1332,406.89,244.72
1333,406.89,243.72
1334,406.89,242.72
1335,406.89,241.72
1336,406.89,240.72
1337,406.89,239.72
1338,406.89,237.72
1339,406.89,237.72
1340,407.89,236.72
1341,407.89,235.72
1342,407.89,234.72
1343,408.89,234.72
1344,408.89,233.72
1345,408.89,232.72
1346,408.89,231.72
1347,408.89,230.72
1348,408.89,229.72
1349,408.89,228.72
1350,409.89,228.72
1351,409.89,226.72
1352,409.89,226.72
1353,410.89,225.72
1354,410.89,224.72
1355,410.89,223.72
1356,410.89,222.72
1357,410.89,221.72
1358,410.89,220.72
1359,410.89,219.72
1360,410.89,217.72
1361,410.89,217.72
1362,410.89,215.72
1363,410.89,214.72
1364,410.89,213.72
1365,410.89,212.72
1366,410.89,211.72
1367,410.89,210.72
1368,410.89,209.72
1369,410.89,208.72
1370,410.89,206.72
1371,410.89,206.72
1372,410.89,204.72
1373,410.89,203.72
1374,410.89,202.72
1375,410.89,201.72
1376,411.89,201.72
1377,412.89,200.72
1378,412.89,199.72
1379,412.89,197.72
1380,413.89,197.72
1381,413.89,195.72
1382,413.89,194.72
1383,413.89,193.72
1384,413.89,193.72
1385,413.89,192.72
1386,413.89,191.72
1387,414.89,191.72
1388,414.89,190.72
1389,414.89,189.72
1390,414.89,188.72
1391,414.89,186.72
1392,414.89,186.72
1393,415.89,184.72
1394,415.89,183.72
1395,415.89,182.72
1396,416.89,181.72
1397,416.89,180.72
1398,416.89,179.72
1399,416.89,177.72
1400,416.89,177.72
1401,416.89,177.72
1402,416.89,175.72
1403,416.89,174.72
1404,416.89,173.72
1405,416.89,172.72
1406,416.89,171.72
1407,416.89,170.72
1408,416.89,169.72
1409,416.89,168.72
1410,416.89,166.72
1411,416.89,166.72
1412,416.89,164.72
1413,416.89,163.72
1414,416.89,162.72
1415,416.89,161.72
1416,416.89,160.72
1417,416.89,159.72
1418,416.89,157.72
1419,416.89,157.72
1420,416.89,155.72
1421,417.89,154.72
1422,417.89,153.72
1423,417.89,152.72
1424,417.89,151.72
1425,417.89,150.72
1426,418.89,149.72
1427,418.89,149.72
1428,419.89,148.72
1429,419.89,146.72
1430,419.89,146.72
1431,419.89,144.72
1432,419.89,143.72
1433,420.89,142.72
1434,420.89,141.72
1435,420.89,140.72
1436,420.89,139.72
1437,421.89,139.72
1438,421.89,137.72
1439,421.89,137.72
1440,421.89,135.72
1441,421.89,134.72
1442,421.89,133.72
1443,421.89,132.72
1444,421.89,131.72
1445,421.89,130.72
1446,421.89,129.72
1447,421.89,128.72
1448,421.89,126.72
1449,421.89,126.72
1450,421.89,124.72
1451,421.89,123.72
1452,421.89,122.72
1453,421.89,121.72
1454,420.89,121.72
1455,420.89,120.72
1456,420.89,119.72
1457,420.89,117.72
1458,420.89,117.72
1459,420.89,115.72
1460,420.89,114.72
1461,420.89,113.72
1462,420.89,112.72
1463,420.89,111.72
1464,421.89,111.72
1465,421.89,110.72
1466,421.89,109.72
1467,421.89,108.72
1468,421.89,106.72
1469,421.89,106.72
1470,422.89,104.72
1471,422.89,103.72
1472,422.89,102.72
1473,422.89,101.72
1474,422.89,100.72
1475,422.89,99.72
1476,423.89,98.72
1477,423.89,97.72
1478,423.89,97.72
1479,423.89,95.72
1480,423.89,94.72
1481,423.89,93.72
1482,423.89,92.72
1483,423.89,91.72
1484,423.89,90.72
1485,424.89,89.72
1486,424.89,88.72
1487,424.89,86.72
1488,424.89,86.72
1489,425.89,86.72
1490,425.89,84.72
1491,425.89,83.72
1492,425.89,82.72
1493,425.89,81.72
1494,425.89,80.72
1495,425.89,79.72
1496,425.89,77.72
1497,425.89,77.72
1498,425.89,75.72
1499,425.89,74.72
1500,425.89,73.72
1501,425.89,72.72
1502,425.89,71.72
1503,425.89,70.72
1504,425.89,69.72
1505,425.89,68.72
1506,425.89,66.72
1507,425.89,66.72
1508,425.89,64.72
1509,425.89,63.72
1510,425.89,62.72
1511,425.89,61.72
1512,425.89,60.72
1513,425.89,59.72
1514,425.89,57.72
1515,426.89,57.72
1516,426.89,55.72
1517,426.89,54.72
1518,427.89,54.72
1519,427.89,53.72
1520,427.89,52.72
1521,427.89,51.72
1522,427.89,50.72
1523,427.89,49.72
1524,428.89,48.72
1525,428.89,46.72
1526,428.89,46.72
1527,428.89,44.72
1528,428.89,43.72
1529,429.89,43.72
1530,430.89,42.72
1531,430.89,41.72
1532,431.89,40.72
1533,431.89,40.72
1534,432.89,40.72
1535,433.89,40.72
1536,434.89,40.72
1537,436.89,40.72
1538,438.89,40.72
1539,439.89,40.72
1540,440.89,40.72
1541,441.89,40.72
1542,442.89,40.72
1543,443.89,40.72
1544,445.89,40.72
1545,445.89,40.72
1546,447.89,40.72
1547,448.89,40.72
1548,449.89,40.72
1549,450.89,40.72
1550,451.89,40.72
1551,452.89,40.72
1552,453.89,40.72
1553,453.89,42.72
1554,453.89,43.72
1555,453.89,44.72
1556,453.89,45.72
1557,453.89,45.72
1558,453.89,46.72
1559,454.89,46.72
1560,454.89,47.72
1561,454.89,49.72
1562,455.89,49.72
1563,456.89,49.72
1564,456.89,51.72
1565,456.89,52.72
1566,456.89,52.72
1567,457.89,53.72
1568,457.89,54.72
1569,458.89,55.72
1570,458.89,56.72
1571,459.89,57.72
1572,459.89,57.72
1573,459.89,58.72
1574,459.89,60.72
1575,459.89,60.72
1576,459.89,62.72
1577,459.89,63.72
1578,459.89,64.72
1579,459.89,65.72
1580,460.89,65.72
1581,460.89,66.72
1582,460.89,67.72
1583,460.89,69.72
1584,460.89,69.72
1585,461.89,71.72
1586,461.89,72.72
1587,461.89,73.72
1588,461.89,74.72
1589,461.89,75.72
1590,461.89,76.72
1591,462.89,77.72
1592,462.89,78.72
1593,462.89,80.72
1594,462.89,80.72
1595,462.89,82.72
1596,462.89,83.72
1597,462.89,84.72
1598,462.89,85.72
1599,462.89,86.72
1600,462.89,87.72
1601,462.89,89.72
1602,462.89,89.72
1603,462.89,91.72
1604,462.89,92.72
1605,462.89,93.72
1606,462.89,94.72
1607,462.89,94.72
1608,462.89,95.72
1609,462.89,96.72
1610,463.89,97.72
1611,463.89,97.72
1612,463.89,98.72
1613,464.89,100.72
1614,464.89,103.72
1615,464.89,104.72
1616,465.89,105.72
1617,465.89,106.72
1618,465.89,107.72
1619,465.89,109.72
1620,465.89,109.72
1621,465.89,111.72
1622,465.89,112.72
1623,465.89,112.72
1624,465.89,113.72
1625,465.89,114.72
1626,465.89,115.72
1627,465.89,116.72
1628,465.89,117.72
1629,465.89,118.72
1630,465.89,120.72
1631,465.89,120.72
1632,465.89,122.72
1633,466.89,123.72
1634,466.89,124.72
1635,466.89,125.72
1636,467.89,126.72
1637,467.89,126.72
1638,467.89,127.72
1639,467.89,129.72
1640,467.89,129.72
1641,467.89,131.72
1642,467.89,132.72
1643,468.89,132.72
1644,468.89,133.72
1645,468.89,134.72
1646,468.89,135.72
1647,468.89,136.72
1648,468.89,137.72
1649,468.89,138.72
1650,468.89,140.72
1651,468.89,140.72
1652,468.89,142.72
1653,469.89,142.72
1654,469.89,143.72
1655,469.89,144.72
1656,469.89,145.72
1657,469.89,146.72
1658,469.89,147.72
1659,469.89,149.72
1660,469.89,149.72
1661,469.89,151.72
1662,470.89,152.72
1663,470.89,153.72
1664,470.89,154.72
1665,470.89,155.72
1666,470.89,156.72
1667,470.89,157.72
1668,470.89,158.72
1669,470.89,160.72
1670,470.89,160.72
1671,470.89,162.72
1672,470.89,163.72
1673,470.89,164.72
1674,471.89,165.72
1675,471.89,166.72
1676,471.89,167.72
1677,471.89,169.72
1678,471.89,169.72
1679,471.89,171.72
1680,471.89,172.72
1681,471.89,173.72
1682,471.89,174.72
1683,471.89,175.72
1684,471.89,176.72
1685,471.89,177.72
1686,471.89,178.72
1687,471.89,180.72
1688,471.89,180.72
1689,471.89,182.72
1690,471.89,183.72
1691,471.89,184.72
1692,471.89,183.72
1693,471.89,185.72
1694,471.89,186.72
1695,471.89,187.72
1696,471.89,189.72
1697,471.89,189.72
1698,471.89,191.72
1699,471.89,192.72
1700,471.89,193.72
1701,471.89,194.72
1702,471.89,195.72
1703,471.89,196.72
1704,472.89,197.72
1705,472.89,197.72
1706,472.89,198.72
1707,472.89,200.72
1708,472.89,200.72
1709,473.89,202.72
1710,473.89,202.72
1711,474.89,203.72
1712,476.89,203.72
1713,476.89,204.72
1714,476.89,205.72
1715,476.89,206.72
1716,476.89,207.72
1717,477.89,209.72
1718,478.89,209.72
1719,478.89,209.72
1720,479.89,210.72
1721,479.89,211.72
1722,479.89,212.72
1723,479.89,213.72
1724,479.89,214.72
1725,479.89,215.72
1726,479.89,216.72
1727,479.89,217.72
1728,479.89,218.72
1729,479.89,220.72
1730,479.89,220.72
1731,479.89,223.72
1732,479.89,224.72
1733,479.89,225.72
1734,479.89,226.72
1735,479.89,227.72
1736,479.89,229.72
1737,479.89,229.72
1738,479.89,231.72
1739,479.89,232.72
1740,479.89,233.72
1741,479.89,234.72
1742,479.89,235.72
1743,479.89,236.72
1744,479.89,237.72
1745,479.89,238.72
1746,480.89,240.72
1747,480.89,240.72
1748,480.89,242.72
1749,480.89,243.72
1750,481.89,243.72
1751,481.89,244.72
1752,481.89,245.72
1753,482.89,246.72
1754,482.89,247.72
1755,482.89,249.72
1756,483.89,249.72
1757,483.89,251.72
1758,483.89,252.72
1759,484.89,253.72
1760,484.89,254.72
1761,484.89,255.72
1762,484.89,256.72
1763,485.89,257.72
1764,485.89,257.72
1765,485.89,258.72
1766,485.89,259.72
1767,485.89,260.72
1768,485.89,260.72
1769,485.89,262.72
1770,485.89,263.72
1771,485.89,264.72
1772,486.89,265.72
1773,486.89,266.72
1774,486.89,267.72
1775,486.89,269.72
1776,486.89,269.72
1777,486.89,271.72
1778,486.89,272.72
1779,486.89,273.72
1780,486.89,274.72
1781,487.89,275.72
1782,487.89,276.72
1783,487.89,277.72
1784,488.89,277.72
1785,488.89,278.72
1786,488.89,280.72
1787,488.89,280.72
1788,488.89,282.72
1789,488.89,283.72
1790,488.89,284.72
1791,488.89,285.72
1792,488.89,286.72
1793,489.89,286.72
1794,489.89,287.72
1795,489.89,289.72
1796,489.89,289.72
1797,490.89,289.72
1798,490.89,291.72
1799,490.89,292.72
1800,491.89,292.72
1801,491.89,293.72
1802,491.89,294.72
1803,492.89,294.72
1804,493.89,294.72
1805,494.89,294.72
1806,496.89,294.72
1807,496.89,294.72
1808,498.89,294.72
1809,499.89,294.72
1810,501.89,294.72
1811,502.89,294.72
1812,503.89,294.72
1813,505.89,294.72
1814,505.89,294.72
1815,505.89,293.72
1816,506.89,292.72
1817,507.89,291.72
1818,508.89,291.72
1819,508.89,290.72
1820,509.89,290.72
1821,510.89,289.72
1822,510.89,289.72
1823,510.89,288.72
1824,511.89,288.72
1825,512.89,288.72
1826,512.89,286.72
1827,513.89,286.72
1828,514.89,286.72
1829,516.89,286.72
1830,516.89,287.72
1831,516.89,289.72
1832,517.89,289.72
1833,518.89,289.72
1834,519.89,290.72
1835,519.89,291.72
1836,519.89,292.72
1837,520.89,292.72
1838,520.89,293.72
1839,521.89,293.72
1840,521.89,294.72
1841,522.89,294.72
1842,523.89,294.72
1843,525.89,294.72
1844,525.89,295.72
1845,525.89,296.72
1846,526.89,297.72
1847,527.89,297.72
1848,528.89,297.72
1849,528.89,298.72
1850,529.89,299.72
1851,529.89,300.72
1852,530.89,300.72
1853,531.89,300.72
1854,532.89,300.72
1855,533.89,300.72
1856,534.89,300.72
1857,536.89,301.72
1858,536.89,301.72
1859,538.89,301.72
1860,539.89,300.72
1861,539.89,300.72
1862,539.89,299.72
1863,540.89,299.72
1864,541.89,297.72
1865,542.89,297.72
1866,542.89,297.72
1867,543.89,296.72
1868,543.89,295.72
1869,545.89,294.72
1870,545.89,294.72
1871,545.89,293.72
1872,546.89,292.72
1873,546.89,291.72
1874,546.89,290.72
1875,546.89,289.72
1876,546.89,288.72
1877,547.89,287.72
1878,547.89,286.72
1879,547.89,286.72
1880,548.89,286.72
1881,548.89,284.72
1882,548.89,283.72
1883,548.89,282.72
1884,548.89,281.72
1885,549.89,281.72
1886,549.89,280.72
1887,549.89,279.72
1888,550.89,278.72
1889,550.89,277.72
1890,550.89,277.72
1891,550.89,275.72
1892,550.89,274.72
1893,551.89,274.72
1894,551.89,273.72
1895,552.89,272.72
1896,552.89,271.72
1897,553.89,270.72
1898,553.89,269.72
1899,553.89,269.72
1900,553.89,268.72
1901,553.89,266.72
1902,553.89,266.72
1903,553.89,263.72
1904,553.89,261.72
1905,553.89,260.72
1906,553.89,259.72
1907,553.89,257.72
1908,553.89,257.72
1909,553.89,255.72
1910,553.89,254.72
1911,553.89,253.72
1912,553.89,252.72
1913,553.89,251.72
1914,553.89,250.72
1915,553.89,249.72
1916,553.89,248.72
1917,553.89,246.72
1918,553.89,246.72
1919,553.89,244.72
1920,553.89,243.72
1921,553.89,242.72
1922,553.89,241.72
1923,553.89,240.72
1924,553.89,239.72
1925,554.89,239.72
1926,554.89,237.72
1927,555.89,237.72
1928,556.89,236.72
1929,556.89,235.72
1930,557.89,234.72
1931,557.89,233.72
1932,557.89,232.72
1933,558.89,230.72
1934,559.89,229.72
1935,559.89,229.72
1936,559.89,228.72
1937,559.89,226.72
1938,559.89,226.72
1939,559.89,224.72
1940,559.89,223.72
1941,559.89,222.72
1942,559.89,221.72
1943,559.89,220.72
1944,559.89,219.72
1945,559.89,217.72
1946,559.89,217.72
1947,559.89,215.72
1948,559.89,214.72
1949,559.89,213.72
1950,559.89,212.72
1951,559.89,211.72
1952,560.89,210.72
1953,560.89,209.72
1954,560.89,208.72
1955,561.89,208.72
1956,561.89,206.72
1957,562.89,204.72
1958,562.89,203.72
1959,562.89,202.72
1960,562.89,201.72
1961,562.89,200.72
1962,562.89,199.72
1963,562.89,197.72
1964,562.89,197.72
1965,562.89,195.72
1966,562.89,194.72
1967,562.89,193.72
1968,562.89,192.72
1969,562.89,191.72
1970,562.89,190.72
1971,562.89,189.72
1972,562.89,188.72
1973,562.89,186.72
1974,562.89,186.72
1975,562.89,184.72
1976,562.89,183.72
1977,562.89,182.72
1978,562.89,181.72
1979,562.89,180.72
1980,562.89,179.72
1981,562.89,177.72
1982,562.89,177.72
1983,562.89,175.72
1984,562.89,174.72
1985,562.89,173.72
1986,562.89,172.72
1987,562.89,171.72
1988,562.89,170.72
1989,562.89,169.72
1990,562.89,168.72
1991,562.89,166.72
1992,562.89,166.72
1993,563.89,166.72
1994,563.89,164.72
1995,563.89,163.72
1996,563.89,162.72
1997,563.89,161.72
1998,563.89,160.72
1999,563.89,159.72
2000,563.89,157.72
2001,562.89,157.72
2002,562.89,157.72
2003,562.89,155.72
2004,562.89,154.72
2005,562.89,153.72
2006,562.89,152.72
2007,562.89,151.72
2008,562.89,150.72
2009,562.89,149.72
2010,562.89,148.72
2011,563.89,148.72
2012,563.89,146.72
2013,563.89,146.72
2014,564.89,144.72
2015,565.89,143.72
2016,565.89,142.72
2017,565.89,141.72
2018,565.89,141.72
2019,566.89,140.72
2020,567.89,140.72
2021,568.89,140.72
2022,569.89,139.72
2023,570.89,139.72
2024,570.89,137.72
2025,571.89,137.72
2026,570.89,136.72
2027,569.89,136.72
2028,569.89,135.72
2029,568.89,134.72
2030,567.89,134.72
2031,567.89,133.72
2032,566.89,133.72
2033,566.89,132.72
2034,566.89,131.72
2035,567.89,130.72
2036,568.89,130.72
2037,568.89,129.72
2038,568.89,128.72
2039,568.89,126.72
2040,568.89,126.72
2041,569.89,124.72
2042,569.89,123.72
2043,569.89,122.72
2044,569.89,121.72
2045,569.89,120.72
2046,569.89,119.72
2047,569.89,117.72
2048,569.89,117.72
2049,569.89,115.72
2050,569.89,114.72
2051,569.89,113.72
2052,569.89,112.72
2053,569.89,111.72
2054,569.89,110.72
2055,569.89,109.72
2056,569.89,108.72
2057,569.89,106.72
2058,569.89,106.72
2059,569.89,104.72
2060,569.89,103.72
2061,569.89,102.72
2062,569.89,101.72
2063,569.89,100.72
2064,570.89,99.72
2065,570.89,97.72
2066,570.89,97.72
2067,571.89,96.72
2068,572.89,96.72
2069,572.89,95.72
2070,572.89,94.72
2071,572.89,93.72
2072,572.89,92.72
2073,572.89,91.72
2074,572.89,90.72
2075,573.89,89.72
2076,573.89,88.72
2077,573.89,86.72
2078,573.89,86.72
2079,573.89,85.72
2080,573.89,84.72
2081,573.89,83.72
2082,574.89,83.72
2083,575.89,82.72
2084,575.89,81.72
2085,575.89,80.72
2086,575.89,79.72
2087,575.89,77.72
2088,575.89,77.72
2089,575.89,75.72
2090,575.89,74.72
2091,575.89,73.72
2092,575.89,72.72
2093,575.89,70.72
2094,575.89,69.72
2095,575.89,68.72
2096,575.89,66.72
2097,575.89,66.72
2098,575.89,64.72
2099,575.89,63.72
2100,575.89,62.72
2101,575.89,61.72
2102,575.89,60.72
2103,575.89,59.72
2104,575.89,57.72
2105,576.89,57.72
2106,576.89,57.72
2107,576.89,55.72
2108,576.89,54.72
2109,576.89,53.72
2110,576.89,52.72
2111,576.89,51.72
2112,576.89,50.72
2113,576.89,49.72
2114,577.89,48.72
2115,578.89,48.72
2116,579.89,47.72
2117,579.89,46.72
2118,579.89,46.72
2119,579.89,44.72
2120,579.89,43.72
2121,580.89,43.72
2122,580.89,42.72
2123,581.89,42.72
2124,582.89,42.72
2125,583.89,42.72
2126,585.89,42.72
2127,585.89,42.72
2128,587.89,42.72
2129,588.89,42.72
2130,589.89,42.72
2131,590.89,42.72
2132,591.89,42.72
2133,592.89,42.72
2134,593.89,42.72
2135,594.89,42.72
2136,596.89,42.72
2137,596.89,42.72
2138,596.89,43.72
2139,598.89,43.72
2140,599.89,43.72
2141,600.89,43.72
2142,601.89,43.72
2143,602.89,43.72
2144,603.89,43.72
2145,605.89,43.72
2146,605.89,43.72
2147,605.89,44.72
2148,605.89,45.72
2149,605.89,46.72
2150,605.89,47.72
2151,605.89,49.72
2152,606.89,51.72
2153,606.89,52.72
2154,607.89,52.72
2155,608.89,54.72
2156,608.89,55.72
2157,608.89,57.72
2158,608.89,58.72
2159,609.89,60.72
2160,609.89,60.72
2161,610.89,62.72
2162,610.89,63.72
2163,610.89,64.72
2164,610.89,65.72
2165,610.89,66.72
2166,610.89,67.72
2167,610.89,69.72
2168,610.89,69.72
2169,610.89,71.72
2170,610.89,72.72
2171,610.89,73.72
2172,610.89,74.72
2173,610.89,75.72
2174,610.89,76.72
2175,610.89,77.72
2176,610.89,78.72
2177,610.89,80.72
2178,610.89,80.72
2179,610.89,82.72
2180,610.89,83.72
2181,610.89,84.72
2182,610.89,85.72
2183,610.89,86.72
2184,610.89,87.72
2185,610.89,89.72
2186,610.89,89.72
2187,610.89,91.72
2188,610.89,92.72
2189,610.89,93.72
2190,610.89,94.72
2191,611.89,94.72
2192,611.89,95.72
2193,611.89,96.72
2194,611.89,97.72
2195,612.89,98.72
2196,612.89,100.72
2197,612.89,100.72
2198,613.89,102.72
2199,613.89,103.72
2200,613.89,103.72
2201,613.89,104.72
2202,614.89,105.72
2203,614.89,106.72
2204,614.89,107.72
2205,614.89,109.72
2206,614.89,109.72
2207,615.89,111.72
2208,615.89,112.72
2209,615.89,113.72
2210,615.89,114.72
2211,615.89,115.72
2212,615.89,116.72
2213,615.89,117.72
2214,615.89,118.72
2215,615.89,120.72
2216,615.89,120.72
2217,615.89,122.72
2218,615.89,123.72
2219,615.89,124.72
2220,615.89,125.72
2221,615.89,126.72
2222,616.89,127.72
2223,616.89,129.72
2224,616.89,131.72
2225,616.89,132.72
2226,616.89,134.72
2227,616.89,135.72
2228,617.89,136.72
2229,617.89,137.72
2230,618.89,137.72
2231,618.89,138.72
2232,618.89,140.72
2233,618.89,140.72
2234,618.89,142.72
2235,618.89,143.72
2236,618.89,144.72
2237,618.89,145.72
2238,618.89,146.72
2239,619.89,146.72
2240,619.89,147.72
2241,619.89,149.72
2242,619.89,149.72
2243,619.89,151.72
2244,619.89,152.72
2245,620.89,152.72
2246,620.89,153.72
2247,621.89,154.72
2248,621.89,155.72
2249,621.89,156.72
2250,622.89,157.72
2251,622.89,158.72
2252,622.89,160.72
2253,622.89,160.72
2254,622.89,160.72
2255,622.89,163.72
2256,622.89,164.72
2257,622.89,165.72
2258,622.89,166.72
2259,622.89,167.72
2260,622.89,169.72
2261,622.89,169.72
2262,622.89,171.72
2263,622.89,172.72
2264,622.89,173.72
2265,622.89,174.72
2266,622.89,175.72
2267,622.89,176.72
2268,622.89,177.72
2269,622.89,178.72
2270,622.89,180.72
2271,622.89,180.72
2272,622.89,182.72
2273,622.89,183.72
2274,622.89,184.72
2275,622.89,185.72
2276,622.89,186.72
2277,622.89,187.72
2278,622.89,189.72
2279,622.89,189.72
2280,622.89,191.72
2281,622.89,192.72
2282,622.89,193.72
2283,622.89,194.72
2284,622.89,195.72
2285,622.89,196.72
2286,622.89,197.72
2287,622.89,198.72
2288,622.89,200.72
2289,622.89,200.72
2290,622.89,202.72
2291,622.89,203.72
2292,622.89,204.72
2293,622.89,205.72
2294,622.89,206.72
2295,622.89,207.72
2296,623.89,207.72
2297,624.89,209.72
2298,624.89,209.72
2299,625.89,210.72
2300,625.89,211.72
2301,625.89,212.72
2302,626.89,213.72
2303,626.89,214.72
2304,626.89,215.72
2305,626.89,216.72
2306,627.89,217.72
2307,627.89,217.72
2308,627.89,218.72
2309,627.89,220.72
2310,627.89,220.72
2311,627.89,222.72
2312,627.89,223.72
2313,627.89,224.72
2314,627.89,225.72
2315,627.89,226.72
2316,627.89,227.72
2317,627.89,229.72
2318,627.89,229.72
2319,627.89,231.72
2320,628.89,231.72
2321,628.89,232.72
2322,628.89,233.72
2323,628.89,234.72
2324,628.89,236.72
2325,629.89,237.72
2326,629.89,237.72
2327,629.89,238.72
2328,630.89,238.72
2329,630.89,240.72
2330,630.89,240.72
2331,630.89,242.72
2332,630.89,243.72
2333,630.89,244.72
2334,630.89,245.72
2335,631.89,245.72
2336,631.89,246.72
2337,631.89,247.72
2338,631.89,249.72
2339,632.89,249.72
2340,632.89,249.72
2341,633.89,251.72
2342,633.89,252.72
2343,633.89,253.72
2344,633.89,254.72
2345,634.89,254.72
2346,634.89,255.72
2347,636.89,256.72
2348,636.89,257.72
2349,636.89,258.72
2350,636.89,260.72
2351,636.89,260.72
2352,636.89,260.72
2353,636.89,262.72
2354,636.89,263.72
2355,637.89,264.72
2356,637.89,265.72
2357,637.89,266.72
2358,637.89,267.72
2359,637.89,269.72
2360,637.89,269.72
2361,638.89,270.72
2362,639.89,270.72
2363,639.89,271.72
2364,639.89,272.72
2365,640.89,272.72
2366,641.89,272.72

matched_data
index,target_x,target_y,user_x,user_y,offset_px
0,60.00,336.46,57.89,332.72,3.14
1,61.50,331.70,61.89,328.72,0.45
2,63.00,326.48,62.89,321.72,1.35
3,64.50,320.91,63.89,314.72,2.14
4,66.00,315.10,66.89,309.72,0.46
5,67.50,309.16,66.89,302.72,2.16
6,69.00,303.19,66.89,297.72,3.39
7,70.50,297.29,68.89,291.72,2.97
8,72.00,291.54,70.89,286.72,2.34
9,73.50,286.02,72.89,280.72,2.05
10,75.00,280.79,74.89,275.72,1.59
11,76.50,275.91,76.89,269.72,1.62
12,78.00,271.41,77.89,262.72,3.24
13,79.50,267.32,80.89,258.72,2.22
14,81.00,263.66,81.89,253.72,3.82
15,82.50,260.42,85.89,249.72,2.97
16,84.00,257.59,89.89,244.72,3.67
17,85.50,255.15,92.89,240.72,4.58
18,87.00,253.04,96.89,240.72,1.59
19,88.50,251.22,102.89,237.72,1.73
20,90.00,249.64,102.89,232.72,0.52
21,91.50,248.21,102.89,226.72,2.72
22,93.00,246.86,103.89,219.72,3.89
23,94.50,245.52,107.89,215.72,1.07
24,96.00,244.09,110.89,212.72,1.11
25,97.50,242.49,110.89,206.72,0.22
26,99.00,240.63,110.89,199.72,1.64
27,100.50,238.42,113.89,192.72,0.02
28,102.00,235.79,115.89,186.72,0.97
29,103.50,232.64,115.89,179.72,0.17
30,105.00,228.93,115.89,173.72,1.11
31,106.50,224.58,116.89,168.72,0.85
32,108.00,219.54,119.89,164.72,1.53
33,109.50,213.79,121.89,160.72,2.95
34,111.00,207.29,120.89,154.72,1.12
35,112.50,200.02,119.89,149.72,0.54
36,114.00,192.01,119.89,141.72,1.60
37,115.50,183.26,119.89,134.72,2.49
38,117.00,173.80,119.89,128.72,3.26
39,118.50,163.68,122.89,124.72,0.78
40,120.00,152.97,122.89,117.72,1.65
41,121.50,141.74,124.89,112.72,0.27
42,123.00,130.09,125.89,108.72,0.23
43,124.50,118.10,125.89,101.72,0.62
44,126.00,105.89,127.89,95.72,0.64
45,127.50,93.59,128.89,90.72,1.03
46,129.00,81.32,129.89,84.72,1.29
47,130.50,69.22,130.89,77.72,1.43
48,132.00,57.42,130.89,68.72,0.32
49,133.50,46.06,130.89,61.72,0.56
50,135.00,42.00,130.89,54.72,1.45
51,136.50,42.00,130.89,48.72,2.24
52,138.00,42.00,131.89,41.72,3.02
53,139.50,42.00,134.89,37.72,4.28
54,141.00,42.00,143.89,41.72,0.28
55,142.50,42.00,149.89,42.72,0.72
56,144.00,42.00,156.89,42.72,0.72
57,145.50,42.00,159.89,43.72,1.08
58,147.00,42.00,159.89,49.72,2.40
59,148.50,42.00,161.89,55.72,1.09
60,150.00,42.00,162.89,62.72,0.86
61,151.50,42.00,162.89,69.72,1.60
62,153.00,42.00,164.89,73.72,0.03
63,154.50,42.00,165.89,78.72,0.46
64,156.00,42.00,165.89,85.72,0.24
65,157.50,42.00,165.89,89.72,0.64
66,159.00,42.00,167.89,96.72,0.68
67,160.50,42.00,167.89,103.72,0.00
68,162.00,47.02,167.89,111.72,0.75
69,163.50,60.30,167.89,117.72,1.31
70,165.00,74.47,169.89,122.72,0.22
71,166.50,89.39,170.89,127.72,0.76
72,168.00,104.91,170.89,136.72,0.07
73,169.50,120.89,170.89,145.72,0.89
74,171.00,137.17,170.89,152.72,1.53
75,172.50,153.58,171.89,157.72,0.99
76,174.00,169.97,173.89,164.72,0.37
77,175.50,186.19,173.89,169.72,0.09
78,177.00,202.09,173.89,176.72,0.73
79,178.50,217.52,173.89,183.72,1.38
80,180.00,232.35,175.89,187.72,0.24
81,181.50,246.45,176.89,193.72,0.68
82,183.00,259.72,176.89,200.72,0.02
83,184.50,272.05,176.89,206.72,0.56
84,186.00,283.37,176.89,213.72,1.24
85,187.50,293.60,176.89,218.72,1.72
86,189.00,302.70,178.89,224.72,0.34
87,190.50,310.62,178.89,231.72,1.04
88,192.00,317.35,180.89,237.72,0.32
89,193.50,322.89,181.89,240.72,0.99
90,195.00,327.24,182.89,247.72,1.24
91,196.50,330.45,182.89,254.72,0.45
92,198.00,332.55,182.89,260.72,0.23
93,199.50,333.60,182.89,267.72,1.08
94,201.00,333.68,185.89,272.72,1.29
95,202.50,332.85,186.89,278.72,1.49
96,204.00,331.22,186.89,285.72,0.54
97,205.50,328.88,186.89,294.72,0.78
98,207.00,325.93,186.89,300.72,1.76
99,208.50,322.47,186.89,307.72,3.01
100,210.00,318.62,188.89,312.72,2.03
101,211.50,314.48,190.89,315.72,0.73
102,213.00,310.15,193.89,320.72,0.94
103,214.50,305.73,194.89,325.72,0.39
104,216.00,301.33,196.89,331.72,0.42
105,217.50,297.02,200.89,334.72,1.05
106,219.00,292.88,203.89,331.72,0.25
107,220.50,288.98,205.89,324.72,1.50
108,222.00,285.37,208.89,321.72,0.09
109,223.50,282.10,208.89,314.72,2.37
110,225.00,279.19,211.89,311.72,0.54
111,226.50,276.66,213.89,304.72,0.91
112,228.00,274.52,215.89,301.72,0.02
113,229.50,272.75,216.89,295.72,1.02
114,231.00,271.33,218.89,291.72,0.52
115,232.50,270.23,221.89,287.72,0.80
116,234.00,269.38,223.89,283.72,1.03
117,235.50,268.75,225.89,277.72,0.01
118,237.00,268.25,229.89,270.72,1.21
119,238.50,267.81,232.89,266.72,2.89
120,240.00,267.35,238.89,263.72,3.79
121,241.50,266.78,242.89,260.72,4.18
122,243.00,266.01,247.89,257.72,1.64
123,244.50,264.96,250.89,254.72,0.15
124,246.00,263.52,252.89,251.72,0.65
125,247.50,261.62,253.89,245.72,0.20
126,249.00,259.18,255.89,239.72,0.20
127,250.50,256.10,255.89,232.72,1.37
128,252.00,252.34,256.89,228.72,1.22
129,253.50,247.83,257.89,221.72,1.55
130,255.00,242.52,259.89,217.72,0.27
131,256.50,236.39,259.89,210.72,1.43
132,258.00,229.40,262.89,204.72,0.59
133,259.50,221.57,263.89,197.72,0.56
134,261.00,212.88,264.89,190.72,0.56
135,262.50,203.38,265.89,184.72,0.74
136,264.00,193.09,265.89,179.72,0.08
137,265.50,182.08,265.89,172.72,0.81
138,267.00,170.41,265.89,166.72,1.55
139,268.50,158.17,266.89,159.72,1.41
140,270.00,145.45,267.89,153.72,1.13
141,271.50,132.35,268.89,148.72,0.72
142,273.00,119.01,269.89,141.72,0.53
143,274.50,105.55,269.89,134.72,1.33
144,276.00,92.09,269.89,128.72,2.01
145,277.50,78.79,271.89,123.72,0.58
146,279.00,65.78,273.89,117.72,0.74
147,280.50,53.21,273.89,110.72,0.03
148,282.00,42.00,273.89,104.72,0.70
149,283.50,42.00,274.89,99.72,0.26
150,285.00,42.00,275.89,92.72,0.04
151,286.50,42.00,276.89,86.72,0.28
152,288.00,42.00,276.89,79.72,0.50
153,289.50,42.00,276.89,72.72,1.30
154,291.00,42.00,276.89,66.72,1.99
155,292.50,42.00,277.89,59.72,1.82
156,294.00,42.00,280.89,55.72,0.68
157,295.50,42.00,284.89,46.72,3.49
158,297.00,42.00,288.89,43.72,1.72
159,298.50,42.00,293.89,43.72,1.72
160,300.00,42.00,300.89,43.72,1.72
161,301.50,42.00,307.89,43.72,1.57
162,303.00,42.00,308.89,49.72,1.92
163,304.50,42.00,308.89,56.72,2.70
164,306.00,42.00,309.89,63.72,2.47
165,307.50,42.00,310.89,69.72,2.11
166,309.00,42.00,312.89,73.72,0.54
167,310.50,46.82,313.89,80.72,0.25
168,312.00,60.21,314.89,84.72,0.34
169,313.50,74.37,315.89,91.72,0.64
170,315.00,89.18,315.89,97.72,0.05
171,316.50,104.47,315.89,103.72,0.54
172,318.00,120.09,316.89,106.72,0.17
173,319.50,135.88,319.89,113.72,2.49
174,321.00,151.69,319.89,120.72,1.82
175,322.50,167.38,319.89,126.72,1.25
176,324.00,182.79,319.89,133.72,0.59
177,325.50,197.78,319.89,140.72,0.07
178,327.00,212.23,319.89,146.72,0.64
179,328.50,226.01,319.89,153.72,1.30
180,330.00,239.02,321.89,157.72,0.31
181,331.50,251.17,322.89,163.72,0.74
182,333.00,262.37,324.89,169.72,2.15
183,334.50,272.57,325.89,174.72,2.66
184,336.00,281.70,326.89,180.72,3.08
185,337.50,289.76,326.89,186.72,2.48
186,339.00,296.70,326.89,193.72,1.79
187,340.50,302.55,326.89,200.72,1.08
188,342.00,307.31,326.89,206.72,0.46
189,343.50,311.02,325.89,211.72,1.05
190,345.00,313.71,326.89,218.72,0.81
191,346.50,315.46,328.89,224.72,0.53
192,348.00,316.32,329.89,230.72,0.84
193,349.50,316.38,330.89,235.72,1.26
194,351.00,315.72,331.89,241.72,1.54
195,352.50,314.45,332.89,246.72,1.92
196,354.00,312.65,332.89,253.72,1.04
197,355.50,310.43,332.89,260.72,0.11
198,357.00,307.89,332.89,266.72,0.74
199,358.50,305.13,332.89,273.72,1.78
200,360.00,302.25,333.89,280.72,1.92
201,361.50,299.34,336.89,283.72,0.50
202,363.00,296.49,338.89,287.72,1.74
203,364.50,293.77,339.89,294.72,1.29
204,366.00,291.25,341.89,298.72,2.30
205,367.50,288.99,341.89,305.72,0.37
206,369.00,287.03,343.89,309.72,0.85
207,370.50,285.41,348.89,311.72,4.25
208,372.00,284.14,354.89,311.72,0.22
209,373.50,283.24,356.89,306.72,0.66
210,375.00,282.69,359.89,302.72,0.12
211,376.50,282.47,362.89,297.72,0.48
212,378.00,282.55,364.89,293.72,0.31
213,379.50,282.88,367.89,289.72,0.73
214,381.00,283.41,369.89,285.72,0.24
215,382.50,284.07,374.89,284.72,1.87
216,384.00,284.78,380.89,282.72,0.61
217,385.50,285.46,387.89,282.72,3.40
218,387.00,286.02,392.89,282.72,1.88
219,388.50,286.37,393.89,277.72,3.73
220,390.00,286.41,397.89,273.72,1.54
221,391.50,286.06,398.89,268.72,2.10
222,393.00,285.21,400.89,262.72,1.69
223,394.50,283.79,402.89,257.72,0.86
224,396.00,281.70,405.89,252.72,1.07
225,397.50,278.87,406.89,246.72,0.96
226,399.00,275.24,406.89,239.72,0.23
227,400.50,270.75,408.89,234.72,0.94
228,402.00,265.35,408.89,228.72,0.05
229,403.50,259.03,410.89,223.72,1.30
230,405.00,251.75,410.89,217.72,0.48
231,406.50,243.52,410.89,211.72,0.32
232,408.00,234.36,410.89,204.72,1.21
233,409.50,224.29,412.89,199.72,0.16
234,411.00,213.36,413.89,193.72,0.43
235,412.50,201.63,414.89,188.72,0.83
236,414.00,189.18,416.89,181.72,2.02
237,415.50,176.09,416.89,175.72,1.34
238,417.00,162.47,416.89,169.72,0.68
239,418.50,148.44,416.89,162.72,0.08
240,420.00,134.12,416.89,155.72,0.83
241,421.50,119.64,418.89,149.72,0.52
242,423.00,105.14,419.89,144.72,0.99
243,424.50,90.78,421.89,139.72,2.46
244,426.00,76.69,421.89,132.72,1.73
245,427.50,63.02,421.89,126.72,1.12
246,429.00,49.93,420.89,120.72,0.50
247,430.50,42.00,420.89,113.72,1.22
248,432.00,42.00,421.89,108.72,0.74
249,433.50,42.00,422.89,101.72,0.47
250,435.00,42.00,423.89,95.72,0.09
251,436.50,42.00,424.89,89.72,0.27
252,438.00,42.00,425.89,83.72,0.63
253,439.50,42.00,425.89,77.72,0.00
254,441.00,42.00,425.89,71.72,0.65
255,442.50,42.00,425.89,64.72,1.42
256,444.00,42.00,425.89,57.72,2.20
257,445.50,42.00,427.89,52.72,0.79
258,447.00,42.00,428.89,46.72,0.71
259,448.50,42.00,431.89,40.72,1.28
260,450.00,42.00,438.89,40.72,1.28
261,451.50,42.00,445.89,40.72,1.28
262,453.00,42.00,451.89,40.72,1.28
263,454.50,42.00,453.89,45.72,3.72
264,456.00,42.00,455.89,49.72,3.27
265,457.50,42.00,457.89,53.72,1.73
266,459.00,48.13,459.89,58.72,0.31
267,460.50,61.40,459.89,65.72,1.07
268,462.00,75.32,461.89,71.72,0.28
269,463.50,89.75,462.89,77.72,0.64
270,465.00,104.54,462.89,84.72,0.09
271,466.50,119.53,462.89,91.72,0.81
272,468.00,134.58,462.89,96.72,1.31
273,469.50,149.54,464.89,104.72,0.13
274,471.00,164.26,465.89,111.72,0.17
275,472.50,178.63,465.89,116.72,0.33
276,474.00,192.50,466.89,123.72,0.03
277,475.50,205.76,467.89,127.72,0.57
278,477.00,218.32,468.89,133.72,0.97
279,478.50,230.08,468.89,140.72,0.27
280,480.00,240.98,469.89,145.72,0.77
281,481.50,250.94,470.89,152.72,1.06
282,483.00,259.94,470.89,158.72,0.45
283,484.50,267.94,471.89,165.72,0.73
284,486.00,274.93,471.89,172.72,0.01
285,487.50,280.91,471.89,178.72,0.62
286,489.00,285.90,471.89,183.72,1.16
287,490.50,289.95,471.89,191.72,2.02
288,492.00,293.09,472.89,197.72,1.69
289,493.50,295.38,473.89,202.72,1.26
290,495.00,296.89,476.89,206.72,1.27
291,496.50,297.71,479.89,211.72,3.65
292,498.00,297.91,479.89,217.72,2.94
293,499.50,297.59,479.89,225.72,1.93
294,501.00,296.85,479.89,232.72,1.02
295,502.50,295.77,479.89,238.72,0.20
296,504.00,294.47,481.89,244.72,1.31
297,505.50,293.02,483.89,251.72,2.23
298,507.00,291.53,485.89,257.72,3.21
299,508.50,290.07,485.89,262.72,2.33
300,510.00,288.73,486.89,269.72,1.96
301,511.50,287.57,486.89,274.72,0.91
302,513.00,286.66,488.89,280.72,1.38
303,514.50,286.03,488.89,286.72,0.39
304,516.00,285.73,490.89,291.72,0.41
305,517.50,285.77,493.89,294.72,0.69
306,519.00,286.17,501.89,294.72,1.20
307,520.50,286.92,506.89,292.72,0.77
308,522.00,288.01,510.89,289.72,1.33
309,523.50,289.39,514.89,286.72,0.75
310,525.00,291.03,519.89,290.72,3.43
311,526.50,292.88,521.89,294.72,4.74
312,528.00,294.86,525.89,296.72,2.80
313,529.50,296.91,529.89,300.72,1.98
314,531.00,298.93,536.89,301.72,2.57
315,532.50,300.84,540.89,299.72,3.49
316,534.00,302.54,545.89,294.72,0.92
317,535.50,303.93,546.89,289.72,1.46
318,537.00,304.92,548.89,284.72,0.77
319,538.50,305.41,549.89,279.72,0.91
320,540.00,305.30,551.89,274.72,0.06
321,541.50,304.51,553.89,269.72,1.13
322,543.00,302.94,553.89,260.72,0.36
323,544.50,300.53,553.89,253.72,1.42
324,546.00,297.20,553.89,248.72,2.14
325,547.50,292.91,553.89,241.72,3.09
326,549.00,287.61,556.89,236.72,0.77
327,550.50,281.27,559.89,229.72,1.33
328,552.00,273.89,559.89,223.72,0.60
329,553.50,265.46,559.89,217.72,0.09
330,555.00,256.01,560.89,210.72,0.10
331,556.50,245.56,562.89,203.72,1.32
332,558.00,234.18,562.89,197.72,0.67
333,559.50,221.92,562.89,190.72,0.07
334,561.00,208.88,562.89,183.72,0.80
335,562.50,195.14,562.89,177.72,1.42
336,564.00,180.81,562.89,171.72,2.02
337,565.50,166.01,563.89,166.72,1.53
338,567.00,150.88,563.89,159.72,2.22
339,568.50,135.55,562.89,153.72,3.81
340,570.00,120.17,563.89,148.72,3.31
341,571.50,104.89,565.89,141.72,2.00
342,573.00,89.87,570.89,139.72,2.78
343,574.50,75.24,568.89,134.72,0.31
344,576.00,61.17,567.89,130.72,1.08
345,577.50,47.81,569.89,124.72,0.33
346,579.00,42.00,569.89,117.72,0.35
347,580.50,42.00,569.89,111.72,0.94
348,582.00,42.00,569.89,106.72,1.43
349,583.50,42.00,570.89,99.72,1.12
350,585.00,42.00,572.89,94.72,0.37
351,586.50,42.00,573.89,88.72,0.77
352,588.00,42.00,574.89,83.72,1.25
353,589.50,42.00,575.89,77.72,1.63
354,591.00,42.00,575.89,69.72,0.80
355,592.50,42.00,575.89,62.72,0.05
356,594.00,42.00,576.89,57.72,0.50
357,595.50,42.00,576.89,50.72,0.28
358,597.00,42.00,579.89,46.72,2.04
359,598.50,42.00,581.89,42.72,0.72
360,600.00,42.00,588.89,42.72,0.72
361,601.50,42.00,594.89,42.72,0.72
362,603.00,42.00,600.89,43.72,1.72
363,604.50,42.00,605.89,44.72,0.57
364,606.00,42.00,606.89,52.72,0.83
365,607.50,50.76,609.89,60.72,1.22
366,609.00,63.65,610.89,66.72,1.54
367,610.50,77.07,610.89,73.72,0.76
368,612.00,90.87,610.89,80.72,0.01
369,613.50,104.90,610.89,86.72,0.66
370,615.00,119.01,610.89,93.72,1.41
371,616.50,133.06,611.89,97.72,0.84
372,618.00,146.93,613.89,103.72,0.51
373,619.50,160.47,614.89,109.72,0.87
374,621.00,173.57,615.89,116.72,1.13
375,622.50,186.13,615.89,123.72,0.38
376,624.00,198.04,616.89,131.72,0.53
377,625.50,209.23,618.89,137.72,1.87
378,627.00,219.62,618.89,144.72,1.12
379,628.50,229.17,619.89,149.72,1.57
380,630.00,237.83,621.89,155.72,2.90
381,631.50,245.59,622.89,160.72,3.34
382,633.00,252.43,622.89,169.72,2.31
383,634.50,258.37,622.89,174.72,1.74
384,636.00,263.42,622.89,180.72,1.03
385,637.50,267.64,622.89,187.72,0.19
386,639.00,271.05,622.89,194.72,0.69
387,640.50,273.73,622.89,200.72,1.46
388,642.00,275.75,622.89,207.72,2.39
389,643.50,277.17,625.89,212.72,0.11
390,645.00,278.10,627.89,217.72,1.15
391,646.50,278.61,627.89,224.72,0.09
392,648.00,278.79,627.89,231.72,1.04
393,649.50,278.75,629.89,237.72,0.09
394,651.00,278.58,630.89,242.72,0.06
395,652.50,278.35,631.89,246.72,0.14
396,654.00,278.16,633.89,252.72,0.79
397,655.50,278.08,636.89,257.72,2.47
398,657.00,278.19,636.89,263.72,0.74
399,658.50,278.54,637.89,269.72,0.48
400,660.00,279.18,641.89,272.72,1.71