trial,13
timestamp,2026-03-11T19:26:41.984Z
mode,numerical

target_curve
index,target_x,target_y
0,60.00,336.46
1,61.50,331.70
2,63.00,326.48
3,64.50,320.91
4,66.00,315.10
5,67.50,309.16
6,69.00,303.19
7,70.50,297.29
8,72.00,291.54
9,73.50,286.02
10,75.00,280.79
11,76.50,275.91
12,78.00,271.41
13,79.50,267.32
14,81.00,263.66
15,82.50,260.42
16,84.00,257.59
17,85.50,255.15
18,87.00,253.04
19,88.50,251.22
20,90.00,249.64
21,91.50,248.21
22,93.00,246.86
23,94.50,245.52
24,96.00,244.09
25,97.50,242.49
26,99.00,240.63
27,100.50,238.42
28,102.00,235.79
29,103.50,232.64
30,105.00,228.93
31,106.50,224.58
32,108.00,219.54
33,109.50,213.79
34,111.00,207.29
35,112.50,200.02
36,114.00,192.01
37,115.50,183.26
38,117.00,173.80
39,118.50,163.68
40,120.00,152.97
41,121.50,141.74
42,123.00,130.09
43,124.50,118.10
44,126.00,105.89
45,127.50,93.59
46,129.00,81.32
47,130.50,69.22
48,132.00,57.42
49,133.50,46.06
50,135.00,42.00
51,136.50,42.00
52,138.00,42.00
53,139.50,42.00
54,141.00,42.00
55,142.50,42.00
56,144.00,42.00
57,145.50,42.00
58,147.00,42.00
59,148.50,42.00
60,150.00,42.00
61,151.50,42.00
62,153.00,42.00
63,154.50,42.00
64,156.00,42.00
65,157.50,42.00
66,159.00,42.00
67,160.50,42.00
68,162.00,47.02
69,163.50,60.30
70,165.00,74.47
71,166.50,89.39
72,168.00,104.91
73,169.50,120.89
74,171.00,137.17
75,172.50,153.58
76,174.00,169.97
77,175.50,186.19
78,177.00,202.09
79,178.50,217.52
80,180.00,232.35
81,181.50,246.45
82,183.00,259.72
83,184.50,272.05
84,186.00,283.37
85,187.50,293.60
86,189.00,302.70
87,190.50,310.62
88,192.00,317.35
89,193.50,322.89
90,195.00,327.24
91,196.50,330.45
92,198.00,332.55
93,199.50,333.60
94,201.00,333.68
95,202.50,332.85
96,204.00,331.22
97,205.50,328.88
98,207.00,325.93
99,208.50,322.47
100,210.00,318.62
101,211.50,314.48
102,213.00,310.15
103,214.50,305.73
104,216.00,301.33
105,217.50,297.02
106,219.00,292.88
107,220.50,288.98
108,222.00,285.37
109,223.50,282.10
110,225.00,279.19
111,226.50,276.66
112,228.00,274.52
113,229.50,272.75
114,231.00,271.33
115,232.50,270.23
116,234.00,269.38
117,235.50,268.75
118,237.00,268.25
119,238.50,267.81
120,240.00,267.35
121,241.50,266.78
122,243.00,266.01
123,244.50,264.96
124,246.00,263.52
125,247.50,261.62
126,249.00,259.18
127,250.50,256.10
128,252.00,252.34
129,253.50,247.83
130,255.00,242.52
131,256.50,236.39
132,258.00,229.40
133,259.50,221.57
134,261.00,212.88
135,262.50,203.38
136,264.00,193.09
137,265.50,182.08
138,267.00,170.41
139,268.50,158.17
140,270.00,145.45
141,271.50,132.35
142,273.00,119.01
143,274.50,105.55
144,276.00,92.09
145,277.50,78.79
146,279.00,65.78
147,280.50,53.21
148,282.00,42.00
149,283.50,42.00
150,285.00,42.00
151,286.50,42.00
152,288.00,42.00
153,289.50,42.00
154,291.00,42.00
155,292.50,42.00
156,294.00,42.00
157,295.50,42.00
158,297.00,42.00
159,298.50,42.00
160,300.00,42.00
161,301.50,42.00
162,303.00,42.00
163,304.50,42.00
164,306.00,42.00
165,307.50,42.00
166,309.00,42.00
167,310.50,46.82
168,312.00,60.21
169,313.50,74.37
170,315.00,89.18
171,316.50,104.47
172,318.00,120.09
173,319.50,135.88
174,321.00,151.69
175,322.50,167.38
176,324.00,182.79
177,325.50,197.78
178,327.00,212.23
179,328.50,226.01
180,330.00,239.02
181,331.50,251.17
182,333.00,262.37
183,334.50,272.57
184,336.00,281.70
185,337.50,289.76
186,339.00,296.70
187,340.50,302.55
188,342.00,307.31
189,343.50,311.02
190,345.00,313.71
191,346.50,315.46
192,348.00,316.32
193,349.50,316.38
194,351.00,315.72
195,352.50,314.45
196,354.00,312.65
197,355.50,310.43
198,357.00,307.89
199,358.50,305.13
200,360.00,302.25
201,361.50,299.34
202,363.00,296.49
203,364.50,293.77
204,366.00,291.25
205,367.50,288.99
206,369.00,287.03
207,370.50,285.41
208,372.00,284.14
209,373.50,283.24
210,375.00,282.69
211,376.50,282.47
212,378.00,282.55
213,379.50,282.88
214,381.00,283.41
215,382.50,284.07
216,384.00,284.78
217,385.50,285.46
218,387.00,286.02
219,388.50,286.37
220,390.00,286.41
221,391.50,286.06
222,393.00,285.21
223,394.50,283.79
224,396.00,281.70
225,397.50,278.87
226,399.00,275.24
227,400.50,270.75
228,402.00,265.35
229,403.50,259.03
230,405.00,251.75
231,406.50,243.52
232,408.00,234.36
233,409.50,224.29
234,411.00,213.36
235,412.50,201.63
236,414.00,189.18
237,415.50,176.09
238,417.00,162.47
239,418.50,148.44
240,420.00,134.12
241,421.50,119.64
242,423.00,105.14
243,424.50,90.78
244,426.00,76.69
245,427.50,63.02
246,429.00,49.93
247,430.50,42.00
248,432.00,42.00
249,433.50,42.00
250,435.00,42.00
251,436.50,42.00
252,438.00,42.00
253,439.50,42.00
254,441.00,42.00
255,442.50,42.00
256,444.00,42.00
257,445.50,42.00
258,447.00,42.00
259,448.50,42.00
260,450.00,42.00
261,451.50,42.00
262,453.00,42.00
263,454.50,42.00
264,456.00,42.00
265,457.50,42.00
266,459.00,48.13
267,460.50,61.40
268,462.00,75.32
269,463.50,89.75
270,465.00,104.54
271,466.50,119.53
272,468.00,134.58
273,469.50,149.54
274,471.00,164.26
275,472.50,178.63
276,474.00,192.50
277,475.50,205.76
278,477.00,218.32
279,478.50,230.08
280,480.00,240.98
281,481.50,250.94
282,483.00,259.94
283,484.50,267.94
284,486.00,274.93
285,487.50,280.91
286,489.00,285.90
287,490.50,289.95
288,492.00,293.09
289,493.50,295.38
290,495.00,296.89
291,496.50,297.71
292,498.00,297.91
293,499.50,297.59
294,501.00,296.85
295,502.50,295.77
296,504.00,294.47
297,505.50,293.02
298,507.00,291.53
299,508.50,290.07
300,510.00,288.73
301,511.50,287.57
302,513.00,286.66
303,514.50,286.03
304,516.00,285.73
305,517.50,285.77
306,519.00,286.17
307,520.50,286.92
308,522.00,288.01
309,523.50,289.39
310,525.00,291.03
311,526.50,292.88
312,528.00,294.86
313,529.50,296.91
314,531.00,298.93
315,532.50,300.84
316,534.00,302.54
317,535.50,303.93
318,537.00,304.92
319,538.50,305.41
320,540.00,305.30
321,541.50,304.51
322,543.00,302.94
323,544.50,300.53
324,546.00,297.20
325,547.50,292.91
326,549.00,287.61
327,550.50,281.27
328,552.00,273.89
329,553.50,265.46
330,555.00,256.01
331,556.50,245.56
332,558.00,234.18
333,559.50,221.92
334,561.00,208.88
335,562.50,195.14
336,564.00,180.81
337,565.50,166.01
338,567.00,150.88
339,568.50,135.55
340,570.00,120.17
341,571.50,104.89
342,573.00,89.87
343,574.50,75.24
344,576.00,61.17
345,577.50,47.81
346,579.00,42.00
347,580.50,42.00
348,582.00,42.00
349,583.50,42.00
350,585.00,42.00
351,586.50,42.00
352,588.00,42.00
353,589.50,42.00
354,591.00,42.00
355,592.50,42.00
356,594.00,42.00
357,595.50,42.00
358,597.00,42.00
359,598.50,42.00
360,600.00,42.00
361,601.50,42.00
362,603.00,42.00
363,604.50,42.00
364,606.00,42.00
365,607.50,50.76
366,609.00,63.65
367,610.50,77.07
368,612.00,90.87
369,613.50,104.90
370,615.00,119.01
371,616.50,133.06
372,618.00,146.93
373,619.50,160.47
374,621.00,173.57
375,622.50,186.13
376,624.00,198.04
377,625.50,209.23
378,627.00,219.62
379,628.50,229.17
380,630.00,237.83
381,631.50,245.59
382,633.00,252.43
383,634.50,258.37
384,636.00,263.42
385,637.50,267.64
386,639.00,271.05
387,640.50,273.73
388,642.00,275.75
389,643.50,277.17
390,645.00,278.10
391,646.50,278.61
392,648.00,278.79
393,649.50,278.75
394,651.00,278.58
395,652.50,278.35
396,654.00,278.16
397,655.50,278.08
398,657.00,278.19
399,658.50,278.54
400,660.00,279.18

user_path
index,user_x,user_y
0,60.00,337.00
1,60.00,336.00
2,60.00,335.00
3,60.00,334.00
4,60.00,333.00
5,60.00,332.00
6,60.00,331.00
7,59.00,330.00
8,59.00,329.00
9,59.00,328.00
10,59.00,327.00
11,59.00,326.00
12,59.00,325.00
13,59.00,324.00
14,59.00,323.00
15,59.00,322.00
16,59.00,321.00
17,59.00,319.00
18,59.00,318.00
19,60.00,317.00
20,60.00,315.00
21,60.00,314.00
22,60.00,313.00
23,60.00,311.00
24,60.00,310.00
25,61.00,310.00
26,61.00,309.00
27,62.00,309.00
28,62.00,308.00
29,63.00,307.00
30,64.00,307.00
31,65.00,306.00
32,65.00,305.00
33,65.00,304.00
34,65.00,303.00
35,66.00,303.00
36,67.00,301.00
37,67.00,300.00
38,68.00,299.00
39,68.00,298.00
40,68.00,297.00
41,68.00,296.00
42,69.00,296.00
43,69.00,295.00
44,69.00,294.00
45,69.00,293.00
46,70.00,293.00
47,70.00,294.00
48,70.00,295.00
49,70.00,293.00
50,71.00,291.00
51,72.00,289.00
52,72.00,288.00
53,72.00,287.00
54,72.00,286.00
55,73.00,286.00
56,73.00,285.00
57,74.00,285.00
58,74.00,284.00
59,74.00,283.00
60,74.00,282.00
61,74.00,281.00
62,75.00,281.00
63,75.00,279.00
64,76.00,277.00
65,76.00,276.00
66,76.00,275.00
67,76.00,274.00
68,76.00,273.00
69,77.00,273.00
70,77.00,272.00
71,77.00,271.00
72,78.00,270.00
73,78.00,269.00
74,78.00,267.00
75,79.00,265.00
76,80.00,263.00
77,80.00,262.00
78,80.00,261.00
79,82.00,261.00
80,82.00,260.00
81,82.00,259.00
82,83.00,258.00
83,84.00,257.00
84,84.00,256.00
85,85.00,256.00
86,85.00,255.00
87,86.00,255.00
88,86.00,254.00
89,86.00,253.00
90,87.00,252.00
91,88.00,252.00
92,88.00,251.00
93,89.00,251.00
94,90.00,251.00
95,90.00,250.00
96,90.00,249.00
97,91.00,249.00
98,91.00,248.00
99,92.00,248.00
100,92.00,247.00
101,92.00,246.00
102,93.00,245.00
103,94.00,244.00
104,94.00,243.00
105,94.00,242.00
106,95.00,241.00
107,96.00,240.00
108,96.00,239.00
109,97.00,238.00
110,98.00,237.00
111,98.00,236.00
112,99.00,236.00
113,99.00,235.00
114,100.00,235.00
115,100.00,233.00
116,101.00,233.00
117,102.00,231.00
118,102.00,229.00
119,102.00,228.00
120,103.00,227.00
121,104.00,226.00
122,104.00,225.00
123,104.00,224.00
124,105.00,224.00
125,105.00,223.00
126,106.00,223.00
127,106.00,221.00
128,106.00,220.00
129,106.00,219.00
130,107.00,219.00
131,107.00,218.00
132,107.00,217.00
133,108.00,216.00
134,108.00,215.00
135,109.00,213.00
136,110.00,212.00
137,110.00,211.00
138,110.00,209.00
139,111.00,208.00
140,112.00,207.00
141,112.00,206.00
142,113.00,205.00
143,114.00,205.00
144,114.00,204.00
145,114.00,203.00
146,114.00,202.00
147,114.00,201.00
148,114.00,200.00
149,114.00,199.00
150,114.00,198.00
151,114.00,197.00
152,114.00,195.00
153,114.00,193.00
154,114.00,192.00
155,114.00,191.00
156,114.00,190.00
157,115.00,189.00
158,115.00,187.00
159,115.00,186.00
160,115.00,185.00
161,115.00,184.00
162,115.00,183.00
163,116.00,182.00
164,116.00,181.00
165,116.00,179.00
166,116.00,178.00
167,116.00,177.00
168,116.00,176.00
169,116.00,175.00
170,116.00,174.00
171,117.00,173.00
172,117.00,171.00
173,117.00,170.00
174,118.00,169.00
175,118.00,168.00
176,118.00,167.00
177,118.00,166.00
178,118.00,165.00
179,118.00,162.00
180,118.00,159.00
181,119.00,154.00
182,119.00,151.00
183,120.00,147.00
184,120.00,143.00
185,120.00,142.00
186,120.00,140.00
187,120.00,139.00
188,120.00,138.00
189,120.00,137.00
190,121.00,136.00
191,121.00,135.00
192,121.00,134.00
193,121.00,133.00
194,121.00,132.00
195,121.00,131.00
196,121.00,130.00
197,122.00,129.00
198,122.00,127.00
199,122.00,126.00
200,122.00,125.00
201,122.00,124.00
202,122.00,123.00
203,123.00,121.00
204,123.00,120.00
205,123.00,119.00
206,123.00,118.00
207,123.00,117.00
208,123.00,116.00
209,124.00,116.00
210,124.00,115.00
211,124.00,114.00
212,124.00,113.00
213,124.00,112.00
214,124.00,111.00
215,124.00,110.00
216,124.00,109.00
217,124.00,108.00
218,124.00,107.00
219,125.00,107.00
220,125.00,106.00
221,125.00,105.00
222,125.00,104.00
223,125.00,103.00
224,126.00,102.00
225,126.00,101.00
226,126.00,100.00
227,126.00,99.00
228,126.00,98.00
229,126.00,97.00
230,126.00,95.00
231,126.00,94.00
232,126.00,93.00
233,126.00,92.00
234,126.00,91.00
235,126.00,90.00
236,126.00,89.00
237,126.00,88.00
238,126.00,87.00
239,127.00,87.00
240,127.00,86.00
241,127.00,85.00
242,127.00,84.00
243,127.00,83.00
244,128.00,83.00
245,128.00,82.00
246,128.00,81.00
247,128.00,80.00
248,128.00,79.00
249,128.00,78.00
250,128.00,77.00
251,129.00,77.00
252,129.00,76.00
253,129.00,75.00
254,129.00,74.00
255,129.00,73.00
256,129.00,72.00
257,129.00,71.00
258,129.00,70.00
259,130.00,69.00
260,130.00,68.00
261,130.00,67.00
262,130.00,66.00
263,130.00,65.00
264,130.00,64.00
265,130.00,63.00
266,131.00,63.00
267,131.00,62.00
268,131.00,61.00
269,131.00,60.00
270,131.00,59.00
271,132.00,59.00
272,132.00,58.00
273,132.00,57.00
274,132.00,56.00
275,132.00,55.00
276,132.00,54.00
277,132.00,53.00
278,132.00,52.00
279,132.00,51.00
280,132.00,50.00
281,132.00,49.00
282,132.00,48.00
283,132.00,47.00
284,132.00,46.00
285,132.00,45.00
286,133.00,44.00
287,133.00,43.00
288,134.00,43.00
289,135.00,43.00
290,136.00,43.00
291,137.00,43.00
292,138.00,43.00
293,139.00,43.00
294,140.00,43.00
295,141.00,43.00
296,142.00,43.00
297,143.00,43.00
298,144.00,43.00
299,145.00,43.00
300,146.00,42.00
301,147.00,42.00
302,148.00,42.00
303,149.00,42.00
304,150.00,42.00
305,151.00,42.00
306,152.00,42.00
307,153.00,42.00
308,154.00,42.00
309,155.00,42.00
310,156.00,42.00
311,157.00,42.00
312,158.00,42.00
313,158.00,43.00
314,159.00,44.00
315,159.00,45.00
316,160.00,45.00
317,161.00,46.00
318,161.00,47.00
319,161.00,48.00
320,162.00,49.00
321,163.00,49.00
322,163.00,50.00
323,163.00,51.00
324,164.00,51.00
325,164.00,52.00
326,164.00,53.00
327,164.00,54.00
328,164.00,55.00
329,164.00,56.00
330,164.00,57.00
331,164.00,58.00
332,164.00,59.00
333,164.00,60.00
334,164.00,61.00
335,164.00,62.00
336,164.00,63.00
337,164.00,64.00
338,164.00,65.00
339,164.00,66.00
340,165.00,66.00
341,166.00,66.00
342,166.00,67.00
343,166.00,68.00
344,166.00,69.00
345,167.00,69.00
346,167.00,70.00
347,168.00,71.00
348,168.00,72.00
349,168.00,73.00
350,168.00,74.00
351,168.00,75.00
352,168.00,76.00
353,168.00,77.00
354,168.00,78.00
355,168.00,79.00
356,169.00,79.00
357,169.00,80.00
358,169.00,81.00
359,169.00,82.00
360,169.00,83.00
361,169.00,84.00
362,169.00,85.00
363,169.00,86.00
364,169.00,87.00
365,169.00,88.00
366,169.00,89.00
367,170.00,89.00
368,170.00,90.00
369,170.00,91.00
370,170.00,92.00
371,170.00,93.00
372,170.00,94.00
373,170.00,95.00
374,170.00,96.00
375,170.00,97.00
376,170.00,98.00
377,170.00,99.00
378,170.00,100.00
379,170.00,101.00
380,170.00,102.00
381,170.00,103.00
382,170.00,104.00
383,170.00,105.00
384,171.00,107.00
385,171.00,108.00
386,171.00,109.00
387,171.00,111.00
388,171.00,112.00
389,171.00,113.00
390,171.00,114.00
391,171.00,115.00
392,171.00,116.00
393,171.00,117.00
394,171.00,118.00
395,171.00,119.00
396,171.00,120.00
397,171.00,121.00
398,171.00,122.00
399,171.00,123.00
400,171.00,124.00
401,172.00,124.00
402,172.00,125.00
403,172.00,126.00
404,172.00,127.00
405,172.00,128.00
406,172.00,129.00
407,172.00,130.00
408,172.00,131.00
409,172.00,132.00
410,172.00,133.00
411,172.00,134.00
412,172.00,135.00
413,172.00,136.00
414,172.00,137.00
415,172.00,138.00
416,172.00,139.00
417,172.00,140.00
418,172.00,141.00
419,172.00,143.00
420,172.00,144.00
421,172.00,145.00
422,172.00,146.00
423,172.00,147.00
424,172.00,148.00
425,172.00,149.00
426,172.00,151.00
427,172.00,152.00
428,172.00,153.00
429,172.00,154.00
430,172.00,155.00
431,172.00,156.00
432,173.00,157.00
433,173.00,158.00
434,173.00,159.00
435,174.00,160.00
436,174.00,161.00
437,174.00,162.00
438,174.00,163.00
439,174.00,164.00
440,174.00,165.00
441,175.00,167.00
442,175.00,168.00
443,175.00,169.00
444,175.00,170.00
445,175.00,171.00
446,175.00,172.00
447,175.00,173.00
448,176.00,173.00
449,176.00,174.00
450,176.00,175.00
451,176.00,176.00
452,176.00,177.00
453,176.00,178.00
454,176.00,179.00
455,176.00,180.00
456,176.00,181.00
457,176.00,182.00
458,176.00,183.00
459,176.00,185.00
460,176.00,186.00
461,176.00,187.00
462,176.00,189.00
463,176.00,191.00
464,176.00,192.00
465,176.00,193.00
466,176.00,196.00
467,176.00,197.00
468,177.00,197.00
469,177.00,198.00
470,177.00,199.00
471,177.00,200.00
472,177.00,201.00
473,177.00,202.00
474,177.00,203.00
475,177.00,204.00
476,177.00,205.00
477,177.00,206.00
478,177.00,207.00
479,177.00,208.00
480,177.00,209.00
481,177.00,210.00
482,177.00,211.00
483,177.00,212.00
484,177.00,213.00
485,177.00,214.00
486,177.00,215.00
487,177.00,216.00
488,178.00,217.00
489,178.00,219.00
490,178.00,220.00
491,178.00,222.00
492,178.00,223.00
493,178.00,224.00
494,178.00,226.00
495,178.00,227.00
496,178.00,228.00
497,179.00,229.00
498,179.00,231.00
499,179.00,232.00
500,179.00,233.00
501,179.00,234.00
502,180.00,235.00
503,180.00,236.00
504,180.00,239.00
505,180.00,241.00
506,180.00,242.00
507,181.00,243.00
508,181.00,244.00
509,181.00,245.00
510,181.00,246.00
511,181.00,247.00
512,182.00,248.00
513,182.00,249.00
514,182.00,250.00
515,182.00,251.00
516,182.00,252.00
517,182.00,253.00
518,182.00,254.00
519,182.00,255.00
520,182.00,256.00
521,182.00,257.00
522,183.00,257.00
523,183.00,259.00
524,183.00,260.00
525,183.00,265.00
526,182.00,267.00
527,182.00,269.00
528,182.00,271.00
529,182.00,272.00
530,182.00,273.00
531,182.00,274.00
532,182.00,275.00
533,182.00,276.00
534,182.00,277.00
535,182.00,278.00
536,182.00,279.00
537,182.00,280.00
538,182.00,281.00
539,182.00,282.00
540,182.00,283.00
541,182.00,284.00
542,182.00,285.00
543,182.00,287.00
544,182.00,289.00
545,183.00,289.00
546,183.00,290.00
547,184.00,290.00
548,184.00,292.00
549,185.00,293.00
550,185.00,294.00
551,186.00,295.00
552,186.00,296.00
553,186.00,297.00
554,186.00,298.00
555,186.00,299.00
556,186.00,300.00
557,186.00,301.00
558,186.00,302.00
559,186.00,303.00
560,186.00,305.00
561,186.00,306.00
562,186.00,307.00
563,186.00,308.00
564,186.00,309.00
565,187.00,310.00
566,187.00,311.00
567,188.00,312.00
568,188.00,313.00
569,188.00,314.00
570,188.00,315.00
571,189.00,315.00
572,189.00,316.00
573,189.00,317.00
574,190.00,317.00
575,190.00,318.00
576,190.00,319.00
577,190.00,321.00
578,191.00,321.00
579,192.00,322.00
580,192.00,323.00
581,193.00,323.00
582,193.00,324.00
583,193.00,325.00
584,194.00,325.00
585,194.00,326.00
586,194.00,327.00
587,194.00,328.00
588,194.00,329.00
589,194.00,330.00
590,194.00,331.00
591,195.00,332.00
592,195.00,333.00
593,196.00,333.00
594,196.00,334.00
595,196.00,335.00
596,197.00,335.00
597,197.00,336.00
598,198.00,336.00
599,199.00,336.00
600,200.00,336.00
601,201.00,336.00
602,202.00,335.00
603,202.00,334.00
604,203.00,334.00
605,203.00,333.00
606,204.00,332.00
607,204.00,331.00
608,205.00,330.00
609,205.00,329.00
610,205.00,328.00
611,206.00,327.00
612,206.00,326.00
613,206.00,325.00
614,206.00,324.00
615,206.00,323.00
616,206.00,322.00
617,207.00,321.00
618,207.00,320.00
619,207.00,319.00
620,207.00,318.00
621,207.00,317.00
622,208.00,317.00
623,208.00,316.00
624,208.00,315.00
625,209.00,315.00
626,209.00,314.00
627,209.00,313.00
628,210.00,313.00
629,210.00,312.00
630,210.00,311.00
631,210.00,310.00
632,211.00,310.00
633,211.00,309.00
634,212.00,308.00
635,212.00,307.00
636,212.00,306.00
637,212.00,305.00
638,213.00,305.00
639,213.00,304.00
640,213.00,303.00
641,214.00,302.00
642,214.00,301.00
643,214.00,300.00
644,214.00,299.00
645,215.00,299.00
646,215.00,298.00
647,215.00,297.00
648,216.00,297.00
649,216.00,296.00
650,216.00,295.00
651,217.00,294.00
652,217.00,293.00
653,218.00,293.00
654,218.00,292.00
655,219.00,291.00
656,220.00,291.00
657,220.00,290.00
658,220.00,289.00
659,221.00,288.00
660,221.00,287.00
661,222.00,287.00
662,222.00,286.00
663,223.00,285.00
664,224.00,284.00
665,224.00,283.00
666,224.00,282.00
667,224.00,281.00
668,225.00,281.00
669,225.00,280.00
670,225.00,279.00
671,226.00,279.00
672,226.00,278.00
673,226.00,277.00
674,226.00,276.00
675,227.00,276.00
676,227.00,275.00
677,228.00,275.00
678,228.00,274.00
679,228.00,273.00
680,229.00,272.00
681,229.00,271.00
682,230.00,271.00
683,230.00,270.00
684,231.00,269.00
685,232.00,269.00
686,232.00,268.00
687,232.00,267.00
688,233.00,267.00
689,233.00,266.00
690,234.00,266.00
691,234.00,265.00
692,235.00,264.00
693,235.00,263.00
694,236.00,263.00
695,237.00,262.00
696,238.00,261.00
697,238.00,260.00
698,239.00,260.00
699,240.00,259.00
700,241.00,259.00
701,242.00,259.00
702,243.00,259.00
703,244.00,259.00
704,244.00,258.00
705,245.00,257.00
706,246.00,257.00
707,247.00,257.00
708,247.00,256.00
709,248.00,255.00
710,249.00,255.00
711,250.00,254.00
712,250.00,253.00
713,251.00,252.00
714,251.00,251.00
715,252.00,251.00
716,252.00,250.00
717,253.00,249.00
718,254.00,249.00
719,254.00,248.00
720,254.00,247.00
721,255.00,247.00
722,256.00,246.00
723,256.00,245.00
724,256.00,244.00
725,256.00,243.00
726,256.00,241.00
727,257.00,241.00
728,258.00,239.00
729,258.00,237.00
730,258.00,236.00
731,258.00,234.00
732,259.00,232.00
733,260.00,230.00
734,261.00,228.00
735,261.00,225.00
736,261.00,224.00
737,261.00,223.00
738,261.00,219.00
739,261.00,215.00
740,261.00,211.00
741,261.00,207.00
742,261.00,205.00
743,261.00,203.00
744,261.00,201.00
745,261.00,200.00
746,261.00,198.00
747,261.00,197.00
748,261.00,196.00
749,261.00,195.00
750,261.00,194.00
751,262.00,193.00
752,262.00,191.00
753,263.00,189.00
754,263.00,187.00
755,264.00,185.00
756,264.00,184.00
757,264.00,182.00
758,264.00,181.00
759,264.00,180.00
760,264.00,179.00
761,264.00,177.00
762,264.00,176.00
763,265.00,175.00
764,265.00,174.00
765,265.00,173.00
766,265.00,171.00
767,265.00,170.00
768,265.00,169.00
769,265.00,168.00
770,265.00,167.00
771,265.00,165.00
772,265.00,164.00
773,265.00,163.00
774,265.00,162.00
775,266.00,161.00
776,266.00,160.00
777,266.00,159.00
778,266.00,158.00
779,266.00,157.00
780,266.00,156.00
781,266.00,155.00
782,266.00,154.00
783,266.00,153.00
784,266.00,151.00
785,267.00,150.00
786,267.00,149.00
787,268.00,147.00
788,268.00,146.00
789,268.00,145.00
790,268.00,144.00
791,268.00,143.00
792,268.00,142.00
793,268.00,141.00
794,269.00,141.00
795,269.00,140.00
796,269.00,139.00
797,269.00,138.00
798,269.00,137.00
799,269.00,136.00
800,269.00,135.00
801,269.00,134.00
802,269.00,133.00
803,269.00,131.00
804,269.00,130.00
805,269.00,129.00
806,269.00,128.00
807,269.00,127.00
808,269.00,126.00
809,269.00,125.00
810,270.00,123.00
811,270.00,122.00
812,270.00,121.00
813,270.00,120.00
814,270.00,119.00
815,270.00,118.00
816,270.00,117.00
817,271.00,117.00
818,271.00,116.00
819,271.00,115.00
820,271.00,114.00
821,271.00,113.00
822,271.00,112.00
823,271.00,111.00
824,271.00,110.00
825,271.00,109.00
826,271.00,108.00
827,271.00,107.00
828,271.00,106.00
829,271.00,105.00
830,271.00,104.00
831,272.00,103.00
832,272.00,102.00
833,272.00,101.00
834,272.00,99.00
835,273.00,98.00
836,273.00,96.00
837,273.00,95.00
838,274.00,93.00
839,274.00,92.00
840,274.00,91.00
841,274.00,90.00
842,275.00,89.00
843,275.00,88.00
844,275.00,87.00
845,275.00,86.00
846,275.00,85.00
847,276.00,83.00
848,276.00,82.00
849,276.00,81.00
850,276.00,80.00
851,276.00,79.00
852,277.00,79.00
853,277.00,78.00
854,277.00,76.00
855,277.00,75.00
856,277.00,74.00
857,278.00,73.00
858,278.00,71.00
859,279.00,70.00
860,279.00,69.00
861,280.00,68.00
862,280.00,67.00
863,280.00,66.00
864,280.00,65.00
865,280.00,63.00
866,280.00,62.00
867,281.00,62.00
868,281.00,61.00
869,281.00,60.00
870,281.00,59.00
871,281.00,58.00
872,281.00,57.00
873,281.00,55.00
874,281.00,54.00
875,281.00,53.00
876,281.00,52.00
877,281.00,51.00
878,281.00,50.00
879,281.00,49.00
880,282.00,48.00
881,282.00,47.00
882,282.00,46.00
883,282.00,45.00
884,283.00,45.00
885,283.00,44.00
886,283.00,43.00
887,283.00,42.00
888,283.00,41.00
889,282.00,41.00
890,282.00,40.00
891,283.00,40.00
892,284.00,40.00
893,285.00,40.00
894,286.00,40.00
895,287.00,40.00
896,288.00,40.00
897,289.00,40.00
898,290.00,40.00
899,291.00,40.00
900,292.00,40.00
901,293.00,40.00
902,294.00,40.00
903,295.00,40.00
904,296.00,40.00
905,297.00,40.00
906,298.00,40.00
907,299.00,40.00
908,300.00,40.00
909,301.00,40.00
910,302.00,40.00
911,303.00,40.00
912,304.00,40.00
913,305.00,40.00
914,306.00,40.00
915,307.00,40.00
916,308.00,40.00
917,308.00,41.00
918,309.00,41.00
919,309.00,42.00
920,309.00,43.00
921,309.00,44.00
922,309.00,45.00
923,309.00,46.00
924,309.00,47.00
925,308.00,47.00
926,308.00,48.00
927,308.00,49.00
928,308.00,50.00
929,308.00,51.00
930,308.00,52.00
931,308.00,53.00
932,308.00,55.00
933,309.00,55.00
934,309.00,56.00
935,310.00,57.00
936,310.00,58.00
937,310.00,59.00
938,310.00,60.00
939,310.00,61.00
940,311.00,62.00
941,311.00,63.00
942,311.00,64.00
943,311.00,65.00
944,312.00,65.00
945,312.00,66.00
946,312.00,67.00
947,312.00,68.00
948,312.00,69.00
949,312.00,70.00
950,312.00,71.00
951,313.00,72.00
952,313.00,73.00
953,313.00,74.00
954,313.00,76.00
955,314.00,77.00
956,314.00,78.00
957,314.00,79.00
958,314.00,80.00
959,314.00,81.00
960,314.00,82.00
961,314.00,83.00
962,314.00,84.00
963,314.00,85.00
964,314.00,86.00
965,314.00,87.00
966,314.00,88.00
967,314.00,89.00
968,314.00,91.00
969,314.00,92.00
970,314.00,93.00
971,314.00,94.00
972,314.00,95.00
973,314.00,96.00
974,314.00,97.00
975,314.00,98.00
976,314.00,99.00
977,314.00,100.00
978,314.00,101.00
979,315.00,101.00
980,315.00,102.00
981,315.00,103.00
982,315.00,104.00
983,315.00,105.00
984,316.00,105.00
985,316.00,106.00
986,316.00,107.00
987,316.00,108.00
988,316.00,109.00
989,316.00,110.00
990,316.00,112.00
991,316.00,113.00
992,316.00,114.00
993,316.00,115.00
994,316.00,117.00
995,317.00,117.00
996,317.00,118.00
997,317.00,119.00
998,317.00,121.00
999,317.00,122.00
1000,317.00,123.00
1001,317.00,124.00
1002,318.00,125.00
1003,318.00,126.00
1004,318.00,127.00
1005,318.00,129.00
1006,318.00,130.00
1007,318.00,131.00
1008,318.00,132.00
1009,318.00,133.00
1010,318.00,134.00
1011,318.00,135.00
1012,318.00,136.00
1013,318.00,137.00
1014,318.00,138.00
1015,318.00,139.00
1016,318.00,140.00
1017,318.00,141.00
1018,318.00,142.00
1019,319.00,143.00
1020,319.00,144.00
1021,319.00,145.00
1022,319.00,146.00
1023,319.00,147.00
1024,319.00,148.00
1025,320.00,148.00
1026,320.00,149.00
1027,320.00,150.00
1028,320.00,151.00
1029,320.00,152.00
1030,320.00,153.00
1031,320.00,154.00
1032,320.00,155.00
1033,320.00,156.00
1034,320.00,157.00
1035,320.00,158.00
1036,320.00,159.00
1037,320.00,160.00
1038,320.00,161.00
1039,320.00,162.00
1040,320.00,163.00
1041,320.00,164.00
1042,320.00,165.00
1043,320.00,166.00
1044,320.00,167.00
1045,321.00,168.00
1046,321.00,169.00
1047,322.00,170.00
1048,322.00,171.00
1049,322.00,172.00
1050,322.00,173.00
1051,322.00,174.00
1052,322.00,175.00
1053,322.00,176.00
1054,322.00,177.00
1055,323.00,178.00
1056,323.00,179.00
1057,323.00,180.00
1058,323.00,181.00
1059,323.00,182.00
1060,323.00,183.00
1061,323.00,184.00
1062,323.00,185.00
1063,323.00,186.00
1064,323.00,187.00
1065,323.00,189.00
1066,323.00,191.00
1067,323.00,192.00
1068,323.00,193.00
1069,323.00,194.00
1070,323.00,195.00
1071,323.00,197.00
1072,323.00,198.00
1073,323.00,199.00
1074,323.00,200.00
1075,323.00,202.00
1076,323.00,203.00
1077,323.00,205.00
1078,323.00,207.00
1079,323.00,208.00
1080,323.00,209.00
1081,323.00,210.00
1082,323.00,212.00
1083,323.00,213.00
1084,323.00,212.00
1085,323.00,211.00
1086,322.00,210.00
1087,322.00,211.00
1088,322.00,212.00
1089,323.00,213.00
1090,324.00,215.00
1091,324.00,216.00
1092,326.00,217.00
1093,326.00,219.00
1094,326.00,220.00
1095,327.00,221.00
1096,327.00,222.00
1097,328.00,223.00
1098,328.00,225.00
1099,329.00,226.00
1100,330.00,228.00
1101,330.00,229.00
1102,331.00,229.00
1103,331.00,230.00
1104,331.00,231.00
1105,331.00,232.00
1106,331.00,233.00
1107,331.00,234.00
1108,331.00,235.00
1109,332.00,235.00
1110,332.00,236.00
1111,332.00,237.00
1112,332.00,238.00
1113,332.00,239.00
1114,332.00,240.00
1115,332.00,241.00
1116,332.00,242.00
1117,332.00,243.00
1118,332.00,244.00
1119,332.00,245.00
1120,332.00,246.00
1121,332.00,247.00
1122,333.00,248.00
1123,334.00,248.00
1124,334.00,249.00
1125,334.00,250.00
1126,334.00,251.00
1127,334.00,252.00
1128,334.00,253.00
1129,334.00,254.00
1130,334.00,255.00
1131,334.00,256.00
1132,334.00,257.00
1133,334.00,258.00
1134,334.00,259.00
1135,334.00,260.00
1136,334.00,261.00
1137,334.00,262.00
1138,334.00,263.00
1139,334.00,264.00
1140,334.00,265.00
1141,334.00,266.00
1142,334.00,267.00
1143,334.00,268.00
1144,334.00,269.00
1145,334.00,270.00
1146,334.00,271.00
1147,334.00,272.00
1148,334.00,273.00
1149,334.00,274.00
1150,334.00,275.00
1151,334.00,276.00
1152,334.00,277.00
1153,334.00,278.00
1154,334.00,279.00
1155,334.00,280.00
1156,334.00,281.00
1157,334.00,282.00
1158,334.00,283.00
1159,334.00,284.00
1160,334.00,285.00
1161,334.00,286.00
1162,335.00,287.00
1163,335.00,288.00
1164,335.00,289.00
1165,335.00,290.00
1166,335.00,291.00
1167,336.00,291.00
1168,336.00,293.00
1169,336.00,294.00
1170,337.00,295.00
1171,337.00,296.00
1172,337.00,297.00
1173,338.00,297.00
1174,338.00,298.00
1175,338.00,299.00
1176,338.00,300.00
1177,338.00,301.00
1178,338.00,302.00
1179,339.00,303.00
1180,339.00,304.00
1181,339.00,305.00
1182,339.00,306.00
1183,339.00,307.00
1184,340.00,307.00
1185,340.00,308.00
1186,340.00,309.00
1187,341.00,309.00
1188,342.00,309.00
1189,342.00,310.00
1190,343.00,310.00
1191,344.00,310.00
1192,344.00,311.00
1193,345.00,311.00
1194,346.00,311.00
1195,346.00,312.00
1196,348.00,313.00
1197,349.00,313.00
1198,350.00,314.00
1199,351.00,314.00
1200,352.00,314.00
1201,353.00,314.00
1202,354.00,314.00
1203,355.00,314.00
1204,356.00,314.00
1205,356.00,313.00
1206,357.00,313.00
1207,357.00,312.00
1208,358.00,312.00
1209,358.00,311.00
1210,358.00,310.00
1211,358.00,309.00
1212,359.00,309.00
1213,359.00,308.00
1214,360.00,308.00
1215,360.00,307.00
1216,360.00,306.00
1217,361.00,306.00
1218,361.00,305.00
1219,362.00,304.00
1220,362.00,303.00
1221,362.00,302.00
1222,363.00,302.00
1223,364.00,301.00
1224,364.00,300.00
1225,364.00,299.00
1226,365.00,299.00
1227,366.00,299.00
1228,366.00,298.00
1229,366.00,297.00
1230,366.00,296.00
1231,367.00,295.00
1232,368.00,294.00
1233,369.00,293.00
1234,370.00,293.00
1235,370.00,292.00
1236,370.00,291.00
1237,371.00,291.00
1238,372.00,290.00
1239,372.00,289.00
1240,373.00,289.00
1241,374.00,289.00
1242,374.00,288.00
1243,374.00,287.00
1244,375.00,287.00
1245,376.00,287.00
1246,377.00,287.00
1247,378.00,287.00
1248,379.00,287.00
1249,380.00,287.00
1250,381.00,287.00
1251,382.00,287.00
1252,383.00,287.00
1253,384.00,287.00
1254,385.00,287.00
1255,386.00,287.00
1256,387.00,287.00
1257,388.00,287.00
1258,389.00,287.00
1259,390.00,287.00
1260,391.00,287.00
1261,392.00,287.00
1262,393.00,286.00
1263,394.00,285.00
1264,395.00,285.00
1265,396.00,284.00
1266,396.00,283.00
1267,397.00,283.00
1268,397.00,282.00
1269,397.00,281.00
1270,398.00,280.00
1271,398.00,279.00
1272,399.00,279.00
1273,400.00,278.00
1274,400.00,277.00
1275,400.00,276.00
1276,401.00,275.00
1277,401.00,274.00
1278,402.00,272.00
1279,403.00,271.00
1280,404.00,270.00
1281,404.00,269.00
1282,404.00,268.00
1283,405.00,267.00
1284,405.00,265.00
1285,406.00,264.00
1286,406.00,263.00
1287,407.00,261.00
1288,408.00,259.00
1289,408.00,257.00
1290,408.00,256.00
1291,409.00,254.00
1292,409.00,252.00
1293,409.00,251.00
1294,409.00,249.00
1295,409.00,248.00
1296,409.00,246.00
1297,409.00,245.00
1298,409.00,244.00
1299,409.00,242.00
1300,409.00,241.00
1301,409.00,240.00
1302,409.00,239.00
1303,409.00,238.00
1304,409.00,237.00
1305,409.00,235.00
1306,409.00,234.00
1307,409.00,233.00
1308,409.00,232.00
1309,409.00,231.00
1310,409.00,230.00
1311,409.00,229.00
1312,409.00,228.00
1313,409.00,227.00
1314,409.00,226.00
1315,409.00,225.00
1316,409.00,224.00
1317,409.00,223.00
1318,409.00,222.00
1319,409.00,221.00
1320,410.00,217.00
1321,411.00,214.00
1322,412.00,211.00
1323,412.00,207.00
1324,413.00,204.00
1325,414.00,201.00
1326,414.00,199.00
1327,415.00,197.00
1328,416.00,196.00
1329,416.00,195.00
1330,416.00,194.00
1331,416.00,193.00
1332,416.00,192.00
1333,416.00,191.00
1334,416.00,190.00
1335,416.00,189.00
1336,416.00,188.00
1337,416.00,187.00
1338,416.00,186.00
1339,416.00,185.00
1340,416.00,184.00
1341,416.00,183.00
1342,416.00,181.00
1343,416.00,180.00
1344,416.00,179.00
1345,416.00,178.00
1346,416.00,177.00
1347,416.00,176.00
1348,416.00,175.00
1349,416.00,174.00
1350,416.00,173.00
1351,416.00,172.00
1352,416.00,171.00
1353,417.00,169.00
1354,417.00,168.00
1355,417.00,167.00
1356,417.00,166.00
1357,417.00,165.00
1358,418.00,165.00
1359,418.00,164.00
1360,418.00,163.00
1361,418.00,161.00
1362,418.00,160.00
1363,418.00,159.00
1364,418.00,158.00
1365,418.00,157.00
1366,418.00,156.00
1367,418.00,155.00
1368,418.00,154.00
1369,418.00,153.00
1370,418.00,152.00
1371,418.00,151.00
1372,418.00,150.00
1373,418.00,149.00
1374,418.00,148.00
1375,418.00,146.00
1376,418.00,145.00
1377,418.00,144.00
1378,418.00,143.00
1379,419.00,142.00
1380,419.00,141.00
1381,419.00,140.00
1382,420.00,139.00
1383,420.00,138.00
1384,420.00,137.00
1385,420.00,136.00
1386,420.00,135.00
1387,420.00,134.00
1388,420.00,133.00
1389,420.00,132.00
1390,420.00,131.00
1391,420.00,130.00
1392,420.00,129.00
1393,420.00,128.00
1394,420.00,127.00
1395,420.00,126.00
1396,420.00,125.00
1397,420.00,124.00
1398,420.00,123.00
1399,420.00,121.00
1400,420.00,120.00
1401,420.00,119.00
1402,420.00,118.00
1403,420.00,117.00
1404,420.00,116.00
1405,420.00,115.00
1406,420.00,114.00
1407,420.00,113.00
1408,420.00,112.00
1409,420.00,111.00
1410,420.00,110.00
1411,420.00,109.00
1412,421.00,109.00
1413,421.00,108.00
1414,422.00,106.00
1415,422.00,105.00
1416,422.00,104.00
1417,422.00,103.00
1418,422.00,102.00
1419,422.00,101.00
1420,422.00,100.00
1421,422.00,99.00
1422,422.00,98.00
1423,422.00,97.00
1424,422.00,96.00
1425,422.00,95.00
1426,423.00,94.00
1427,423.00,93.00
1428,423.00,92.00
1429,423.00,91.00
1430,423.00,90.00
1431,424.00,90.00
1432,424.00,89.00
1433,424.00,88.00
1434,424.00,87.00
1435,424.00,86.00
1436,424.00,85.00
1437,424.00,84.00
1438,424.00,83.00
1439,424.00,82.00
1440,424.00,81.00
1441,424.00,80.00
1442,424.00,79.00
1443,424.00,78.00
1444,424.00,77.00
1445,424.00,76.00
1446,425.00,75.00
1447,425.00,74.00
1448,425.00,73.00
1449,425.00,72.00
1450,425.00,71.00
1451,426.00,71.00
1452,426.00,70.00
1453,426.00,69.00
1454,426.00,68.00
1455,426.00,67.00
1456,427.00,67.00
1457,427.00,66.00
1458,428.00,65.00
1459,428.00,64.00
1460,428.00,63.00
1461,428.00,62.00
1462,428.00,61.00
1463,428.00,60.00
1464,428.00,59.00
1465,428.00,58.00
1466,428.00,57.00
1467,428.00,56.00
1468,428.00,55.00
1469,429.00,55.00
1470,429.00,54.00
1471,429.00,53.00
1472,429.00,51.00
1473,430.00,51.00
1474,430.00,50.00
1475,430.00,49.00
1476,430.00,48.00
1477,430.00,47.00
1478,431.00,47.00
1479,431.00,46.00
1480,431.00,45.00
1481,431.00,44.00
1482,432.00,44.00
1483,433.00,44.00
1484,434.00,44.00
1485,435.00,44.00
1486,436.00,44.00
1487,437.00,44.00
1488,438.00,44.00
1489,440.00,44.00
1490,441.00,44.00
1491,442.00,44.00
1492,443.00,44.00
1493,444.00,44.00
1494,445.00,44.00
1495,446.00,44.00
1496,447.00,44.00
1497,448.00,44.00
1498,449.00,44.00
1499,450.00,44.00
1500,451.00,44.00
1501,452.00,44.00
1502,453.00,44.00
1503,454.00,44.00
1504,455.00,44.00
1505,456.00,44.00
1506,457.00,44.00
1507,458.00,44.00
1508,459.00,44.00
1509,460.00,44.00
1510,460.00,43.00
1511,459.00,43.00
1512,458.00,43.00
1513,458.00,44.00
1514,457.00,45.00
1515,457.00,46.00
1516,457.00,47.00
1517,457.00,48.00
1518,457.00,49.00
1519,457.00,50.00
1520,457.00,51.00
1521,457.00,52.00
1522,457.00,53.00
1523,457.00,54.00
1524,457.00,55.00
1525,457.00,56.00
1526,457.00,57.00
1527,458.00,59.00
1528,458.00,60.00
1529,459.00,61.00
1530,460.00,63.00
1531,460.00,65.00
1532,461.00,65.00
1533,461.00,66.00
1534,461.00,67.00
1535,462.00,67.00
1536,462.00,69.00
1537,462.00,70.00
1538,463.00,71.00
1539,463.00,73.00
1540,463.00,74.00
1541,463.00,75.00
1542,463.00,76.00
1543,463.00,77.00
1544,463.00,78.00
1545,463.00,79.00
1546,463.00,80.00
1547,464.00,81.00
1548,464.00,82.00
1549,464.00,83.00
1550,464.00,84.00
1551,464.00,85.00
1552,464.00,86.00
1553,464.00,87.00
1554,464.00,89.00
1555,464.00,90.00
1556,464.00,91.00
1557,464.00,92.00
1558,464.00,93.00
1559,464.00,94.00
1560,464.00,95.00
1561,464.00,96.00
1562,464.00,97.00
1563,464.00,98.00
1564,464.00,99.00
1565,464.00,100.00
1566,464.00,101.00
1567,464.00,102.00
1568,464.00,103.00
1569,465.00,105.00
1570,466.00,106.00
1571,466.00,107.00
1572,466.00,108.00
1573,466.00,109.00
1574,466.00,110.00
1575,466.00,111.00
1576,466.00,112.00
1577,466.00,113.00
1578,467.00,113.00
1579,467.00,114.00
1580,467.00,115.00
1581,467.00,117.00
1582,467.00,118.00
1583,467.00,119.00
1584,467.00,121.00
1585,467.00,122.00
1586,467.00,123.00
1587,467.00,124.00
1588,467.00,125.00
1589,468.00,126.00
1590,468.00,127.00
1591,468.00,129.00
1592,468.00,130.00
1593,468.00,131.00
1594,468.00,132.00
1595,469.00,132.00
1596,469.00,133.00
1597,469.00,134.00
1598,469.00,135.00
1599,470.00,135.00
1600,470.00,136.00
1601,470.00,137.00
1602,470.00,138.00
1603,470.00,139.00
1604,470.00,140.00
1605,470.00,141.00
1606,470.00,142.00
1607,470.00,143.00
1608,471.00,143.00
1609,471.00,144.00
1610,471.00,145.00
1611,471.00,146.00
1612,471.00,147.00
1613,471.00,148.00
1614,471.00,149.00
1615,471.00,150.00
1616,471.00,151.00
1617,471.00,153.00
1618,471.00,154.00
1619,471.00,155.00
1620,471.00,156.00
1621,471.00,157.00
1622,471.00,158.00
1623,471.00,159.00
1624,471.00,160.00
1625,471.00,161.00
1626,472.00,161.00
1627,472.00,160.00
1628,472.00,161.00
1629,473.00,161.00
1630,473.00,163.00
1631,474.00,165.00
1632,474.00,167.00
1633,474.00,169.00
1634,474.00,171.00
1635,474.00,173.00
1636,474.00,175.00
1637,475.00,175.00
1638,475.00,177.00
1639,475.00,178.00
1640,475.00,179.00
1641,475.00,180.00
1642,476.00,181.00
1643,476.00,182.00
1644,476.00,183.00
1645,476.00,184.00
1646,476.00,185.00
1647,477.00,185.00
1648,477.00,186.00
1649,477.00,187.00
1650,477.00,189.00
1651,477.00,190.00
1652,477.00,191.00
1653,477.00,192.00
1654,477.00,193.00
1655,477.00,194.00
1656,477.00,196.00
1657,477.00,197.00
1658,478.00,198.00
1659,478.00,199.00
1660,478.00,201.00
1661,478.00,202.00
1662,478.00,203.00
1663,478.00,204.00
1664,478.00,205.00
1665,478.00,206.00
1666,478.00,208.00
1667,478.00,209.00
1668,478.00,210.00
1669,478.00,211.00
1670,478.00,212.00
1671,478.00,213.00
1672,478.00,215.00
1673,478.00,216.00
1674,478.00,217.00
1675,478.00,218.00
1676,478.00,219.00
1677,478.00,221.00
1678,478.00,222.00
1679,478.00,223.00
1680,478.00,225.00
1681,478.00,226.00
1682,478.00,227.00
1683,478.00,228.00
1684,478.00,229.00
1685,478.00,230.00
1686,478.00,231.00
1687,478.00,233.00
1688,478.00,234.00
1689,478.00,235.00
1690,478.00,236.00
1691,478.00,237.00
1692,478.00,238.00
1693,478.00,239.00
1694,478.00,240.00
1695,478.00,241.00
1696,479.00,241.00
1697,479.00,242.00
1698,479.00,243.00
1699,479.00,244.00
1700,479.00,245.00
1701,479.00,246.00
1702,479.00,247.00
1703,479.00,248.00
1704,480.00,248.00
1705,480.00,249.00
1706,480.00,250.00
1707,480.00,251.00
1708,480.00,252.00
1709,481.00,252.00
1710,481.00,253.00
1711,482.00,255.00
1712,482.00,256.00
1713,482.00,257.00
1714,483.00,258.00
1715,483.00,260.00
1716,484.00,261.00
1717,484.00,262.00
1718,484.00,263.00
1719,484.00,264.00
1720,484.00,265.00
1721,485.00,267.00
1722,485.00,268.00
1723,485.00,269.00
1724,486.00,270.00
1725,486.00,271.00
1726,486.00,272.00
1727,486.00,273.00
1728,486.00,274.00
1729,486.00,275.00
1730,486.00,276.00
1731,486.00,277.00
1732,486.00,278.00
1733,486.00,279.00
1734,487.00,279.00
1735,487.00,281.00
1736,488.00,282.00
1737,488.00,283.00
1738,488.00,284.00
1739,488.00,285.00
1740,488.00,286.00
1741,488.00,287.00
1742,489.00,287.00
1743,489.00,288.00
1744,490.00,289.00
1745,490.00,290.00
1746,490.00,291.00
1747,490.00,292.00
1748,490.00,293.00
1749,491.00,293.00
1750,491.00,294.00
1751,492.00,295.00
1752,493.00,295.00
1753,494.00,295.00
1754,495.00,295.00
1755,495.00,296.00
1756,496.00,296.00
1757,497.00,296.00
1758,498.00,296.00
1759,498.00,295.00
1760,499.00,295.00
1761,500.00,295.00
1762,501.00,295.00
1763,501.00,294.00
1764,502.00,294.00
1765,502.00,293.00
1766,503.00,293.00
1767,503.00,292.00
1768,504.00,291.00
1769,505.00,291.00
1770,506.00,291.00
1771,507.00,291.00
1772,508.00,290.00
1773,509.00,290.00
1774,510.00,289.00
1775,511.00,289.00
1776,512.00,289.00
1777,513.00,289.00
1778,514.00,289.00
1779,515.00,289.00
1780,516.00,289.00
1781,517.00,289.00
1782,518.00,289.00
1783,519.00,289.00
1784,520.00,289.00
1785,521.00,289.00
1786,522.00,289.00
1787,523.00,289.00
1788,524.00,289.00
1789,525.00,290.00
1790,525.00,291.00
1791,526.00,291.00
1792,526.00,292.00
1793,526.00,293.00
1794,526.00,294.00
1795,526.00,295.00
1796,527.00,296.00
1797,527.00,297.00
1798,528.00,298.00
1799,528.00,299.00
1800,528.00,300.00
1801,529.00,301.00
1802,530.00,302.00
1803,530.00,303.00
1804,531.00,303.00
1805,532.00,303.00
1806,532.00,304.00
1807,533.00,304.00
1808,533.00,305.00
1809,534.00,305.00
1810,534.00,306.00
1811,535.00,306.00
1812,536.00,307.00
1813,537.00,308.00
1814,538.00,309.00
1815,539.00,309.00
1816,540.00,310.00
1817,541.00,310.00
1818,542.00,310.00
1819,543.00,310.00
1820,543.00,309.00
1821,544.00,309.00
1822,544.00,308.00
1823,545.00,307.00
1824,546.00,306.00
1825,546.00,305.00
1826,548.00,303.00
1827,548.00,302.00
1828,548.00,301.00
1829,549.00,299.00
1830,550.00,299.00
1831,550.00,297.00
1832,551.00,295.00
1833,552.00,293.00
1834,552.00,292.00
1835,553.00,290.00
1836,553.00,289.00
1837,554.00,287.00
1838,554.00,285.00
1839,555.00,283.00
1840,556.00,282.00
1841,556.00,280.00
1842,556.00,278.00
1843,556.00,277.00
1844,556.00,275.00
1845,556.00,273.00
1846,556.00,271.00
1847,556.00,270.00
1848,556.00,267.00
1849,556.00,265.00
1850,556.00,262.00
1851,556.00,260.00
1852,556.00,258.00
1853,556.00,257.00
1854,556.00,255.00
1855,556.00,253.00
1856,556.00,252.00
1857,556.00,251.00
1858,557.00,249.00
1859,557.00,248.00
1860,557.00,247.00
1861,558.00,243.00
1862,559.00,241.00
1863,560.00,238.00
1864,561.00,235.00
1865,561.00,233.00
1866,562.00,230.00
1867,562.00,228.00
1868,562.00,226.00
1869,562.00,225.00
1870,563.00,224.00
1871,563.00,223.00
1872,563.00,222.00
1873,563.00,221.00
1874,563.00,220.00
1875,563.00,219.00
1876,563.00,218.00
1877,563.00,217.00
1878,563.00,215.00
1879,563.00,214.00
1880,563.00,213.00
1881,564.00,213.00
1882,564.00,210.00
1883,564.00,209.00
1884,564.00,207.00
1885,564.00,205.00
1886,564.00,204.00
1887,564.00,202.00
1888,564.00,201.00
1889,564.00,199.00
1890,564.00,198.00
1891,564.00,197.00
1892,564.00,196.00
1893,564.00,195.00
1894,564.00,194.00
1895,564.00,193.00
1896,564.00,191.00
1897,564.00,190.00
1898,564.00,189.00
1899,564.00,188.00
1900,565.00,188.00
1901,565.00,187.00
1902,565.00,185.00
1903,565.00,184.00
1904,565.00,183.00
1905,565.00,181.00
1906,565.00,180.00
1907,565.00,179.00
1908,565.00,178.00
1909,565.00,176.00
1910,565.00,175.00
1911,565.00,174.00
1912,565.00,173.00
1913,565.00,172.00
1914,565.00,171.00
1915,565.00,169.00
1916,565.00,168.00
1917,565.00,167.00
1918,565.00,166.00
1919,566.00,165.00
1920,566.00,164.00
1921,566.00,163.00
1922,566.00,161.00
1923,566.00,159.00
1924,566.00,158.00
1925,566.00,157.00
1926,566.00,155.00
1927,566.00,154.00
1928,566.00,153.00
1929,566.00,152.00
1930,567.00,151.00
1931,567.00,149.00
1932,568.00,147.00
1933,568.00,146.00
1934,568.00,145.00
1935,568.00,143.00
1936,568.00,142.00
1937,568.00,141.00
1938,568.00,140.00
1939,568.00,139.00
1940,568.00,138.00
1941,568.00,137.00
1942,568.00,135.00
1943,568.00,134.00
1944,568.00,133.00
1945,568.00,132.00
1946,568.00,131.00
1947,568.00,130.00
1948,568.00,129.00
1949,568.00,128.00
1950,568.00,127.00
1951,568.00,126.00
1952,568.00,125.00
1953,568.00,123.00
1954,568.00,122.00
1955,568.00,121.00
1956,568.00,120.00
1957,569.00,119.00
1958,569.00,118.00
1959,570.00,116.00
1960,570.00,115.00
1961,570.00,114.00
1962,570.00,113.00
1963,570.00,112.00
1964,570.00,111.00
1965,571.00,111.00
1966,571.00,109.00
1967,571.00,108.00
1968,571.00,107.00
1969,571.00,106.00
1970,571.00,105.00
1971,571.00,104.00
1972,571.00,103.00
1973,571.00,102.00
1974,571.00,101.00
1975,571.00,100.00
1976,571.00,99.00
1977,571.00,98.00
1978,571.00,96.00
1979,571.00,95.00
1980,571.00,94.00
1981,571.00,93.00
1982,571.00,92.00
1983,571.00,91.00
1984,571.00,90.00
1985,572.00,89.00
1986,572.00,88.00
1987,572.00,87.00
1988,572.00,86.00
1989,572.00,85.00
1990,572.00,84.00
1991,572.00,83.00
1992,572.00,81.00
1993,572.00,80.00
1994,573.00,79.00
1995,573.00,78.00
1996,574.00,77.00
1997,574.00,76.00
1998,574.00,75.00
1999,574.00,73.00
2000,574.00,72.00
2001,574.00,71.00
2002,574.00,70.00
2003,574.00,69.00
2004,575.00,67.00
2005,576.00,65.00
2006,576.00,64.00
2007,576.00,62.00
2008,576.00,61.00
2009,576.00,59.00
2010,576.00,58.00
2011,576.00,57.00
2012,576.00,56.00
2013,577.00,55.00
2014,577.00,54.00
2015,577.00,53.00
2016,577.00,52.00
2017,577.00,51.00
2018,577.00,50.00
2019,577.00,49.00
2020,577.00,47.00
2021,577.00,45.00
2022,577.00,43.00
2023,577.00,42.00
2024,577.00,40.00
2025,577.00,39.00
2026,578.00,38.00
2027,578.00,37.00
2028,578.00,36.00
2029,578.00,35.00
2030,578.00,34.00
2031,579.00,34.00
2032,580.00,34.00
2033,580.00,35.00
2034,580.00,36.00
2035,580.00,37.00
2036,581.00,37.00
2037,582.00,37.00
2038,582.00,38.00
2039,583.00,38.00
2040,583.00,39.00
2041,584.00,39.00
2042,584.00,40.00
2043,585.00,40.00
2044,586.00,40.00
2045,587.00,40.00
2046,588.00,40.00
2047,588.00,41.00
2048,589.00,41.00
2049,590.00,41.00
2050,591.00,41.00
2051,592.00,41.00
2052,594.00,41.00
2053,595.00,41.00
2054,596.00,41.00
2055,597.00,41.00
2056,598.00,41.00
2057,599.00,41.00
2058,600.00,41.00
2059,601.00,41.00
2060,602.00,41.00
2061,603.00,41.00
2062,604.00,41.00
2063,605.00,41.00
2064,606.00,41.00
2065,607.00,41.00
2066,608.00,41.00
2067,609.00,41.00
2068,608.00,41.00
2069,608.00,43.00
2070,608.00,45.00
2071,608.00,47.00
2072,608.00,49.00
2073,608.00,51.00
2074,608.00,53.00
2075,608.00,54.00
2076,608.00,57.00
2077,608.00,58.00
2078,608.00,59.00
2079,608.00,60.00
2080,608.00,61.00
2081,608.00,62.00
2082,608.00,63.00
2083,608.00,64.00
2084,608.00,65.00
2085,608.00,66.00
2086,608.00,67.00
2087,608.00,68.00
2088,609.00,68.00
2089,609.00,69.00
2090,609.00,71.00
2091,610.00,72.00
2092,610.00,73.00
2093,610.00,74.00
2094,610.00,75.00
2095,611.00,76.00
2096,611.00,77.00
2097,611.00,78.00
2098,611.00,79.00
2099,611.00,80.00
2100,612.00,80.00
2101,612.00,81.00
2102,612.00,82.00
2103,612.00,83.00
2104,612.00,84.00
2105,612.00,85.00
2106,612.00,86.00
2107,612.00,87.00
2108,613.00,87.00
2109,613.00,88.00
2110,613.00,89.00
2111,613.00,91.00
2112,614.00,91.00
2113,614.00,93.00
2114,614.00,94.00
2115,614.00,95.00
2116,614.00,96.00
2117,614.00,97.00
2118,614.00,98.00
2119,614.00,99.00
2120,614.00,101.00
2121,614.00,102.00
2122,614.00,103.00
2123,614.00,104.00
2124,615.00,106.00
2125,615.00,107.00
2126,615.00,109.00
2127,616.00,109.00
2128,616.00,111.00
2129,616.00,112.00
2130,616.00,113.00
2131,616.00,114.00
2132,616.00,115.00
2133,616.00,117.00
2134,616.00,118.00
2135,616.00,119.00
2136,617.00,120.00
2137,617.00,122.00
2138,617.00,123.00
2139,617.00,124.00
2140,617.00,125.00
2141,617.00,126.00
2142,617.00,127.00
2143,618.00,127.00
2144,618.00,129.00
2145,618.00,130.00
2146,618.00,131.00
2147,618.00,132.00
2148,618.00,133.00
2149,618.00,134.00
2150,618.00,135.00
2151,618.00,136.00
2152,618.00,137.00
2153,618.00,138.00
2154,618.00,139.00
2155,618.00,141.00
2156,618.00,142.00
2157,618.00,144.00
2158,619.00,147.00
2159,619.00,149.00
2160,619.00,151.00
2161,620.00,153.00
2162,620.00,154.00
2163,620.00,155.00
2164,620.00,156.00
2165,620.00,157.00
2166,620.00,158.00
2167,620.00,159.00
2168,620.00,160.00
2169,621.00,160.00
2170,621.00,161.00
2171,622.00,162.00
2172,622.00,163.00
2173,622.00,164.00
2174,622.00,166.00
2175,622.00,167.00
2176,622.00,169.00
2177,622.00,171.00
2178,622.00,172.00
2179,622.00,173.00
2180,623.00,174.00
2181,623.00,175.00
2182,623.00,176.00
2183,623.00,177.00
2184,623.00,179.00
2185,623.00,180.00
2186,623.00,181.00
2187,623.00,182.00
2188,623.00,183.00
2189,623.00,184.00
2190,623.00,185.00
2191,623.00,187.00
2192,623.00,188.00
2193,623.00,189.00
2194,623.00,190.00
2195,623.00,191.00
2196,624.00,193.00
2197,624.00,195.00
2198,624.00,196.00
2199,624.00,197.00
2200,624.00,200.00
2201,624.00,201.00
2202,624.00,203.00
2203,624.00,205.00
2204,624.00,206.00
2205,624.00,207.00
2206,624.00,208.00
2207,624.00,209.00
2208,624.00,210.00
2209,624.00,211.00
2210,625.00,213.00
2211,625.00,215.00
2212,625.00,217.00
2213,625.00,218.00
2214,625.00,219.00
2215,625.00,221.00
2216,625.00,222.00
2217,625.00,223.00
2218,625.00,224.00
2219,625.00,225.00
2220,625.00,226.00
2221,625.00,227.00
2222,626.00,227.00
2223,626.00,228.00
2224,626.00,229.00
2225,626.00,231.00
2226,627.00,231.00
2227,627.00,232.00
2228,627.00,233.00
2229,628.00,234.00
2230,628.00,235.00
2231,628.00,237.00
2232,628.00,238.00
2233,629.00,239.00
2234,629.00,240.00
2235,630.00,241.00
2236,630.00,243.00
2237,630.00,244.00
2238,631.00,245.00
2239,631.00,246.00
2240,632.00,246.00
2241,632.00,247.00
2242,632.00,249.00
2243,632.00,250.00
2244,633.00,251.00
2245,633.00,252.00
2246,634.00,253.00
2247,634.00,254.00
2248,635.00,254.00
2249,635.00,255.00
2250,636.00,257.00
2251,636.00,258.00
2252,637.00,258.00
2253,638.00,259.00
2254,638.00,260.00
2255,639.00,260.00
2256,640.00,261.00
2257,640.00,262.00
2258,641.00,262.00
2259,641.00,263.00
2260,642.00,263.00
2261,642.00,264.00
2262,643.00,264.00
2263,643.00,265.00
2264,644.00,266.00
2265,645.00,266.00

matched_data
index,target_x,target_y,user_x,user_y,offset_px
0,60.00,336.46,60.00,337.00,0.54
1,61.50,331.70,60.00,331.00,1.64
2,63.00,326.48,59.00,326.00,3.98
3,64.50,320.91,59.00,319.00,5.80
4,66.00,315.10,60.00,311.00,6.82
5,67.50,309.16,62.00,308.00,5.62
6,69.00,303.19,65.00,303.00,3.93
7,70.50,297.29,68.00,297.00,2.49
8,72.00,291.54,69.00,293.00,2.53
9,73.50,286.02,72.00,289.00,0.67
10,75.00,280.79,74.00,285.00,0.20
11,76.50,275.91,75.00,281.00,0.06
12,78.00,271.41,76.00,273.00,1.39
13,79.50,267.32,78.00,267.00,1.52
14,81.00,263.66,82.00,261.00,0.21
15,82.50,260.42,85.00,256.00,0.02
16,84.00,257.59,88.00,252.00,0.11
17,85.50,255.15,90.00,249.00,0.46
18,87.00,253.04,93.00,245.00,1.39
19,88.50,251.22,96.00,239.00,3.36
20,90.00,249.64,99.00,235.00,3.00
21,91.50,248.21,102.00,228.00,3.13
22,93.00,246.86,105.00,223.00,1.89
23,94.50,245.52,107.00,219.00,1.11
24,96.00,244.09,110.00,212.00,0.09
25,97.50,242.49,113.00,205.00,1.50
26,99.00,240.63,114.00,201.00,1.67
27,100.50,238.42,114.00,193.00,0.18
28,102.00,235.79,115.00,186.00,0.03
29,103.50,232.64,116.00,181.00,0.14
30,105.00,228.93,116.00,174.00,0.96
31,106.50,224.58,118.00,167.00,0.01
32,108.00,219.54,119.00,154.00,0.85
33,109.50,213.79,120.00,139.00,1.84
34,111.00,207.29,121.00,133.00,1.61
35,112.50,200.02,122.00,127.00,1.38
36,114.00,192.01,123.00,120.00,1.25
37,115.50,183.26,124.00,115.00,0.87
38,117.00,173.80,124.00,110.00,1.48
39,118.50,163.68,125.00,105.00,1.10
40,120.00,152.97,126.00,99.00,0.83
41,121.50,141.74,126.00,93.00,1.56
42,123.00,130.09,126.00,87.00,2.29
43,124.50,118.10,127.00,83.00,1.78
44,126.00,105.89,128.00,78.00,1.40
45,127.50,93.59,129.00,73.00,1.02
46,129.00,81.32,130.00,68.00,0.65
47,130.50,69.22,131.00,63.00,0.29
48,132.00,57.42,132.00,58.00,0.07
49,133.50,46.06,132.00,53.00,0.58
50,135.00,42.00,132.00,47.00,1.36
51,136.50,42.00,135.00,43.00,0.35
52,138.00,42.00,140.00,43.00,1.00
53,139.50,42.00,146.00,42.00,0.00
54,141.00,42.00,152.00,42.00,0.00
55,142.50,42.00,157.00,42.00,0.00
56,144.00,42.00,161.00,46.00,0.67
57,145.50,42.00,163.00,51.00,0.55
58,147.00,42.00,164.00,55.00,1.09
59,148.50,42.00,164.00,61.00,0.42
60,150.00,42.00,165.00,66.00,0.89
61,151.50,42.00,167.00,69.00,2.56
62,153.00,42.00,168.00,75.00,2.93
63,154.50,42.00,169.00,80.00,3.43
64,156.00,42.00,169.00,85.00,2.93
65,157.50,42.00,170.00,90.00,3.42
66,159.00,42.00,170.00,96.00,2.85
67,160.50,42.00,170.00,101.00,2.37
68,162.00,47.02,171.00,108.00,2.70
69,163.50,60.30,171.00,115.00,2.04
70,165.00,74.47,171.00,120.00,1.58
71,166.50,89.39,172.00,125.00,2.11
72,168.00,104.91,172.00,131.00,1.56
73,169.50,120.89,172.00,136.00,1.10
74,171.00,137.17,172.00,143.00,0.47
75,172.50,153.58,172.00,149.00,0.08
76,174.00,169.97,172.00,155.00,0.63
77,175.50,186.19,174.00,161.00,0.82
78,177.00,202.09,175.00,168.00,1.18
79,178.50,217.52,175.00,173.00,0.72
80,180.00,232.35,176.00,178.00,1.25
81,181.50,246.45,176.00,185.00,0.61
82,183.00,259.72,176.00,192.00,0.05
83,184.50,272.05,177.00,199.00,0.29
84,186.00,283.37,177.00,205.00,0.28
85,187.50,293.60,177.00,210.00,0.77
86,189.00,302.70,177.00,216.00,1.35
87,190.50,310.62,178.00,224.00,1.15
88,192.00,317.35,179.00,231.00,0.86
89,193.50,322.89,180.00,239.00,0.70
90,195.00,327.24,181.00,246.00,0.45
91,196.50,330.45,182.00,251.00,0.01
92,198.00,332.55,182.00,257.00,0.69
93,199.50,333.60,182.00,269.00,2.11
94,201.00,333.68,182.00,275.00,2.87
95,202.50,332.85,182.00,281.00,3.65
96,204.00,331.22,182.00,289.00,4.77
97,205.50,328.88,185.00,293.00,2.39
98,207.00,325.93,186.00,299.00,2.36
99,208.50,322.47,186.00,306.00,3.56
100,210.00,318.62,187.00,311.00,3.51
101,211.50,314.48,189.00,316.00,2.63
102,213.00,310.15,191.00,321.00,1.92
103,214.50,305.73,193.00,325.00,1.16
104,216.00,301.33,194.00,330.00,2.07
105,217.50,297.02,196.00,335.00,3.16
106,219.00,292.88,200.00,336.00,2.37
107,220.50,288.98,204.00,332.00,0.53
108,222.00,285.37,206.00,326.00,0.86
109,223.50,282.10,207.00,321.00,1.93
110,225.00,279.19,208.00,316.00,2.77
111,226.50,276.66,210.00,312.00,2.23
112,228.00,274.52,212.00,308.00,1.64
113,229.50,272.75,213.00,303.00,2.30
114,231.00,271.33,215.00,298.00,2.04
115,232.50,270.23,217.00,294.00,1.50
116,234.00,269.38,220.00,290.00,0.10
117,235.50,268.75,223.00,285.00,0.76
118,237.00,268.25,225.00,281.00,0.83
119,238.50,267.81,226.00,276.00,0.79
120,240.00,267.35,229.00,272.00,0.89
121,241.50,266.78,232.00,269.00,1.32
122,243.00,266.01,234.00,265.00,4.04
123,244.50,264.96,238.00,261.00,6.65
124,246.00,263.52,243.00,259.00,5.16
125,247.50,261.62,247.00,256.00,3.19
126,249.00,259.18,251.00,252.00,1.05
127,250.50,256.10,254.00,248.00,0.53
128,252.00,252.34,256.00,243.00,1.09
129,253.50,247.83,258.00,236.00,1.39
130,255.00,242.52,261.00,224.00,1.93
131,256.50,236.39,261.00,205.00,1.23
132,258.00,229.40,261.00,197.00,2.40
133,259.50,221.57,263.00,189.00,1.54
134,261.00,212.88,264.00,180.00,1.75
135,262.50,203.38,265.00,174.00,1.53
136,264.00,193.09,265.00,167.00,2.40
137,265.50,182.08,266.00,160.00,2.26
138,267.00,170.41,266.00,155.00,2.85
139,268.50,158.17,268.00,147.00,1.80
140,270.00,145.45,268.00,141.00,2.49
141,271.50,132.35,269.00,137.00,1.95
142,273.00,119.01,269.00,130.00,2.75
143,274.50,105.55,270.00,123.00,2.54
144,276.00,92.09,270.00,118.00,3.09
145,277.50,78.79,271.00,113.00,2.65
146,279.00,65.78,271.00,107.00,3.32
147,280.50,53.21,272.00,102.00,2.88
148,282.00,42.00,274.00,93.00,1.89
149,283.50,42.00,275.00,87.00,1.56
150,285.00,42.00,276.00,81.00,1.24
151,286.50,42.00,277.00,75.00,0.93
152,288.00,42.00,280.00,68.00,1.25
153,289.50,42.00,280.00,62.00,0.54
154,291.00,42.00,281.00,57.00,0.95
155,292.50,42.00,281.00,50.00,0.07
156,294.00,42.00,282.00,45.00,0.40
157,295.50,42.00,282.00,41.00,1.00
158,297.00,42.00,287.00,40.00,2.00
159,298.50,42.00,292.00,40.00,2.00
160,300.00,42.00,298.00,40.00,2.00
161,301.50,42.00,304.00,40.00,2.00
162,303.00,42.00,308.00,41.00,1.00
163,304.50,42.00,309.00,46.00,1.19
164,306.00,42.00,308.00,51.00,2.95
165,307.50,42.00,309.00,56.00,2.51
166,309.00,42.00,311.00,62.00,1.18
167,310.50,46.82,312.00,67.00,0.72
168,312.00,60.21,313.00,72.00,0.25
169,313.50,74.37,314.00,79.00,0.03
170,315.00,89.18,314.00,85.00,0.57
171,316.50,104.47,314.00,91.00,1.17
172,318.00,120.09,314.00,97.00,1.76
173,319.50,135.88,315.00,102.00,1.25
174,321.00,151.69,316.00,106.00,0.64
175,322.50,167.38,316.00,113.00,1.31
176,324.00,182.79,317.00,119.00,0.89
177,325.50,197.78,318.00,125.00,0.46
178,327.00,212.23,318.00,132.00,1.13
179,328.50,226.01,318.00,138.00,1.69
180,330.00,239.02,319.00,143.00,1.17
181,331.50,251.17,320.00,148.00,0.65
182,333.00,262.37,320.00,154.00,1.22
183,334.50,272.57,320.00,159.00,1.69
184,336.00,281.70,320.00,165.00,2.26
185,337.50,289.76,322.00,171.00,0.85
186,339.00,296.70,322.00,176.00,1.33
187,340.50,302.55,323.00,182.00,0.92
188,342.00,307.31,323.00,189.00,1.61
189,343.50,311.02,323.00,195.00,2.21
190,345.00,313.71,323.00,203.00,3.03
191,346.50,315.46,323.00,212.00,3.96
192,348.00,316.32,322.00,211.00,4.85
193,349.50,316.38,326.00,219.00,1.73
194,351.00,315.72,329.00,226.00,0.50
195,352.50,314.45,331.00,231.00,1.91
196,354.00,312.65,332.00,236.00,2.33
197,355.50,310.43,332.00,242.00,1.62
198,357.00,307.89,332.00,247.00,1.01
199,358.50,305.13,334.00,252.00,2.37
200,360.00,302.25,334.00,258.00,1.57
201,361.50,299.34,334.00,263.00,0.90
202,363.00,296.49,334.00,269.00,0.02
203,364.50,293.77,334.00,274.00,0.73
204,366.00,291.25,334.00,280.00,1.70
205,367.50,288.99,334.00,286.00,2.75
206,369.00,287.03,335.00,291.00,2.71
207,370.50,285.41,337.00,297.00,2.02
208,372.00,284.14,338.00,302.00,2.28
209,373.50,283.24,339.00,307.00,2.77
210,375.00,282.69,342.00,310.00,1.01
211,376.50,282.47,346.00,312.00,1.71
212,378.00,282.55,352.00,314.00,0.67
213,379.50,282.88,357.00,313.00,2.68
214,381.00,283.41,359.00,309.00,2.29
215,382.50,284.07,361.00,306.00,2.62
216,384.00,284.78,364.00,301.00,2.98
217,385.50,285.46,366.00,297.00,2.88
218,387.00,286.02,370.00,293.00,4.30
219,388.50,286.37,373.00,289.00,4.27
220,390.00,286.41,377.00,287.00,4.50
221,391.50,286.06,382.00,287.00,2.87
222,393.00,285.21,388.00,287.00,0.73
223,394.50,283.79,394.00,285.00,0.54
224,396.00,281.70,397.00,282.00,1.03
225,397.50,278.87,400.00,277.00,1.60
226,399.00,275.24,404.00,270.00,3.17
227,400.50,270.75,406.00,264.00,3.58
228,402.00,265.35,409.00,254.00,4.37
229,403.50,259.03,409.00,245.00,2.72
230,405.00,251.75,409.00,239.00,1.74
231,406.50,243.52,409.00,232.00,0.64
232,408.00,234.36,409.00,226.00,0.24
233,409.50,224.29,409.00,221.00,0.94
234,411.00,213.36,414.00,201.00,1.41
235,412.50,201.63,416.00,193.00,2.44
236,414.00,189.18,416.00,188.00,1.85
237,415.50,176.09,416.00,181.00,1.06
238,417.00,162.47,416.00,175.00,0.38
239,418.50,148.44,417.00,169.00,0.71
240,420.00,134.12,418.00,164.00,1.16
241,421.50,119.64,418.00,157.00,0.41
242,423.00,105.14,418.00,152.00,0.12
243,424.50,90.78,418.00,145.00,0.86
244,426.00,76.69,420.00,139.00,0.51
245,427.50,63.02,420.00,134.00,0.01
246,429.00,49.93,420.00,128.00,0.63
247,430.50,42.00,420.00,121.00,1.35
248,432.00,42.00,420.00,116.00,1.87
249,433.50,42.00,420.00,110.00,2.48
250,435.00,42.00,422.00,104.00,1.11
251,436.50,42.00,422.00,99.00,1.63
252,438.00,42.00,423.00,93.00,1.26
253,439.50,42.00,424.00,88.00,0.79
254,441.00,42.00,424.00,83.00,1.32
255,442.50,42.00,424.00,77.00,1.96
256,444.00,42.00,425.00,71.00,1.61
257,445.50,42.00,426.00,67.00,1.06
258,447.00,42.00,428.00,62.00,0.38
259,448.50,42.00,428.00,56.00,0.30
260,450.00,42.00,429.00,51.00,0.12
261,451.50,42.00,431.00,47.00,1.42
262,453.00,42.00,434.00,44.00,2.00
263,454.50,42.00,440.00,44.00,2.00
264,456.00,42.00,446.00,44.00,2.00
265,457.50,42.00,452.00,44.00,2.00
266,459.00,48.13,457.00,44.00,0.96
267,460.50,61.40,458.00,43.00,0.25
268,462.00,75.32,457.00,49.00,2.08
269,463.50,89.75,457.00,54.00,2.65
270,465.00,104.54,459.00,61.00,1.45
271,466.50,119.53,462.00,67.00,0.89
272,468.00,134.58,463.00,74.00,1.14
273,469.50,149.54,463.00,80.00,0.51
274,471.00,164.26,464.00,86.00,0.88
275,472.50,178.63,464.00,92.00,0.27
276,474.00,192.50,464.00,98.00,0.34
277,475.50,205.76,465.00,105.00,0.05
278,477.00,218.32,466.00,110.00,0.45
279,478.50,230.08,467.00,115.00,0.95
280,480.00,240.98,467.00,123.00,0.15
281,481.50,250.94,468.00,129.00,0.55
282,483.00,259.94,469.00,134.00,1.05
283,484.50,267.94,470.00,138.00,1.65
284,486.00,274.93,471.00,143.00,2.14
285,487.50,280.91,471.00,149.00,1.55
286,489.00,285.90,471.00,155.00,0.94
287,490.50,289.95,471.00,161.00,0.33
288,492.00,293.09,474.00,165.00,2.91
289,493.50,295.38,474.00,175.00,1.87
290,495.00,296.89,476.00,181.00,3.22
291,496.50,297.71,477.00,186.00,3.68
292,498.00,297.91,477.00,192.00,3.04
293,499.50,297.59,478.00,199.00,3.24
294,501.00,296.85,478.00,206.00,2.45
295,502.50,295.77,478.00,212.00,1.74
296,504.00,294.47,478.00,219.00,0.91
297,505.50,293.02,478.00,227.00,0.11
298,507.00,291.53,478.00,233.00,0.89
299,508.50,290.07,478.00,239.00,1.71
300,510.00,288.73,479.00,244.00,1.44
301,511.50,287.57,480.00,248.00,1.05
302,513.00,286.66,481.00,253.00,0.83
303,514.50,286.03,484.00,261.00,0.79
304,516.00,285.73,485.00,267.00,0.66
305,517.50,285.77,486.00,273.00,0.40
306,519.00,286.17,486.00,279.00,0.99
307,520.50,286.92,488.00,284.00,0.41
308,522.00,288.01,490.00,289.00,0.14
309,523.50,289.39,491.00,294.00,1.34
310,525.00,291.03,495.00,296.00,0.63
311,526.50,292.88,500.00,295.00,2.08
312,528.00,294.86,503.00,292.00,2.47
313,529.50,296.91,508.00,290.00,0.40
314,531.00,298.93,514.00,289.00,2.52
315,532.50,300.84,520.00,289.00,1.98
316,534.00,302.54,525.00,290.00,0.70
317,535.50,303.93,526.00,295.00,1.68
318,537.00,304.92,529.00,301.00,2.85
319,538.50,305.41,532.00,304.00,2.47
320,540.00,305.30,536.00,307.00,2.30
321,541.50,304.51,542.00,310.00,5.10
322,543.00,302.94,545.00,307.00,4.25
323,544.50,300.53,549.00,299.00,3.47
324,546.00,297.20,553.00,290.00,4.50
325,547.50,292.91,556.00,282.00,5.53
326,549.00,287.61,556.00,271.00,3.43
327,550.50,281.27,556.00,258.00,1.30
328,552.00,273.89,556.00,251.00,0.28
329,553.50,265.46,560.00,238.00,2.48
330,555.00,256.01,562.00,225.00,2.86
331,556.50,245.56,563.00,220.00,3.26
332,558.00,234.18,563.00,213.00,2.46
333,559.50,221.92,564.00,204.00,2.45
334,561.00,208.88,564.00,197.00,1.69
335,562.50,195.14,564.00,190.00,0.96
336,564.00,180.81,565.00,184.00,1.33
337,565.50,166.01,565.00,178.00,0.71
338,567.00,150.88,565.00,171.00,0.01
339,568.50,135.55,566.00,164.00,0.30
340,570.00,120.17,566.00,157.00,0.39
341,571.50,104.89,567.00,149.00,0.18
342,573.00,89.87,568.00,141.00,0.03
343,574.50,75.24,568.00,135.00,0.55
344,576.00,61.17,568.00,129.00,1.13
345,577.50,47.81,568.00,122.00,1.81
346,579.00,42.00,570.00,116.00,0.41
347,580.50,42.00,571.00,111.00,0.10
348,582.00,42.00,571.00,104.00,0.59
349,583.50,42.00,571.00,99.00,1.08
350,585.00,42.00,571.00,92.00,1.78
351,586.50,42.00,572.00,86.00,1.39
352,588.00,42.00,572.00,80.00,2.00
353,589.50,42.00,574.00,73.00,0.73
354,591.00,42.00,576.00,65.00,0.41
355,592.50,42.00,576.00,58.00,0.35
356,594.00,42.00,577.00,52.00,0.03
357,595.50,42.00,577.00,43.00,1.69
358,597.00,42.00,578.00,37.00,5.10
359,598.50,42.00,580.00,35.00,7.00
360,600.00,42.00,583.00,38.00,4.00
361,601.50,42.00,586.00,40.00,2.00
362,603.00,42.00,591.00,41.00,1.00
363,604.50,42.00,597.00,41.00,1.00
364,606.00,42.00,603.00,41.00,1.00
365,607.50,50.76,609.00,41.00,3.16
366,609.00,63.65,608.00,49.00,0.79
367,610.50,77.07,608.00,59.00,0.46
368,612.00,90.87,608.00,65.00,1.14
369,613.50,104.90,609.00,69.00,0.59
370,615.00,119.01,611.00,76.00,0.62
371,616.50,133.06,612.00,81.00,1.07
372,618.00,146.93,612.00,86.00,0.53
373,619.50,160.47,614.00,91.00,1.97
374,621.00,173.57,614.00,98.00,1.23
375,622.50,186.13,614.00,104.00,0.59
376,624.00,198.04,616.00,112.00,1.74
377,625.50,209.23,616.00,119.00,1.00
378,627.00,219.62,617.00,125.00,1.35
379,628.50,229.17,618.00,131.00,1.71
380,630.00,237.83,618.00,137.00,1.07
381,631.50,245.59,618.00,144.00,0.31
382,633.00,252.43,620.00,155.00,1.10
383,634.50,258.37,621.00,160.00,1.54
384,636.00,263.42,622.00,166.00,1.85
385,637.50,267.64,623.00,174.00,1.94
386,639.00,271.05,623.00,181.00,1.10
387,640.50,273.73,623.00,187.00,0.39
388,642.00,275.75,624.00,195.00,0.38
389,643.50,277.17,624.00,205.00,0.92
390,645.00,278.10,624.00,210.00,1.59
391,646.50,278.61,625.00,219.00,1.89
392,648.00,278.79,625.00,226.00,2.97
393,649.50,278.75,626.00,231.00,2.78
394,651.00,278.58,628.00,237.00,1.83
395,652.50,278.35,630.00,244.00,1.17
396,654.00,278.16,632.00,249.00,0.24
397,655.50,278.08,635.00,254.00,1.55
398,657.00,278.19,638.00,260.00,2.89
399,658.50,278.54,641.00,263.00,4.85
400,660.00,279.18,645.00,266.00,7.53